sample_id,chemistry,rated_capacity,current_capacity,cycle_count,internal_resistance,voltage_sag,temperature_rise,bms_soh,true_soh,estimated_rul
SYN-0001,Li-ion (NMC),60.0,55.22,333,0.1953,10.03,4.1,91.4,92.46,1438
SYN-0002,LiFePO4 (LFP),45.0,43.02,384,0.1521,7.8,4.95,93.9,94.35,3080
SYN-0003,LTO (Lithium Titanate),40.0,28.37,8514,0.0769,3.7,2.71,68.4,70.22,76
SYN-0004,Li-ion (NMC),60.0,47.34,1222,0.1971,10.1,4.95,61.3,77.36,467
SYN-0005,LiFePO4 (LFP),50.0,43.03,1333,0.0905,4.0,2.48,86.3,86.39,2013
SYN-0006,Li-ion (NMC),50.0,37.22,1809,0.1859,11.03,5.99,74.4,74.16,265
SYN-0007,LiFePO4 (LFP),40.0,35.56,1342,0.1453,6.69,3.07,89.4,87.59,2256
SYN-0008,Li-ion (NMC),75.0,53.79,1997,0.1958,9.5,4.12,72.8,72.12,134
SYN-0009,LiFePO4 (LFP),75.0,73.01,151,0.1439,7.22,2.99,100.0,98.98,3707
SYN-0010,Li-ion (NMC),40.0,36.0,541,0.1902,10.21,5.41,90.3,91.08,1492
SYN-0011,LTO (Lithium Titanate),45.0,36.03,6034,0.0765,4.08,2.78,82.6,79.24,2789
SYN-0012,Solid State,40.0,31.62,2669,0.1185,6.12,5.12,76.3,77.64,990
SYN-0013,LTO (Lithium Titanate),75.0,53.86,9529,0.1096,4.95,5.2,73.4,73.01,915
SYN-0014,LiFePO4 (LFP),50.0,43.14,1260,0.1287,6.07,5.01,88.4,87.88,2249
SYN-0015,LiFePO4 (LFP),60.0,45.76,2658,0.1398,6.49,5.64,73.8,77.75,986
SYN-0016,Li-ion (NMC),50.0,34.42,1979,0.1912,10.02,3.82,71.6,69.78,0
SYN-0017,Li-ion (NMC),40.0,34.54,785,0.2024,10.78,4.76,86.1,86.8,1085
SYN-0018,LiFePO4 (LFP),45.0,35.22,2162,0.1383,6.51,3.54,75.2,76.97,885
SYN-0019,LiFePO4 (LFP),60.0,52.41,1460,0.0967,4.4,4.9,87.8,86.06,1921
SYN-0020,LTO (Lithium Titanate),75.0,61.34,6502,0.0759,3.95,2.01,84.0,80.31,3563
SYN-0021,LiFePO4 (LFP),60.0,54.4,905,0.1469,7.29,5.41,88.2,90.64,2200
SYN-0022,Li-ion (NMC),30.0,26.05,684,0.1951,9.8,5.6,88.7,88.51,1172
SYN-0023,LiFePO4 (LFP),50.0,42.89,1022,0.1348,6.18,5.29,86.5,86.61,2063
SYN-0024,Li-ion (NMC),45.0,41.04,564,0.1777,9.01,5.32,85.8,89.46,1195
SYN-0025,LiFePO4 (LFP),50.0,42.08,1788,0.142,7.55,3.08,87.4,84.15,1663
SYN-0026,Solid State,60.0,53.6,920,0.1224,5.76,2.83,88.6,91.11,2893
SYN-0027,Li-ion (NMC),75.0,66.13,434,0.1902,9.51,4.25,91.7,88.64,1241
SYN-0028,LTO (Lithium Titanate),75.0,56.9,6975,0.0867,3.95,4.7,75.6,76.37,2234
SYN-0029,LiFePO4 (LFP),75.0,61.38,1768,0.0968,5.45,5.25,81.3,82.75,1556
SYN-0030,Li-ion (NMC),30.0,23.31,1611,0.1569,8.57,3.93,75.6,78.38,542
SYN-0031,LiFePO4 (LFP),40.0,37.85,427,0.1271,6.88,3.96,91.3,92.89,2600
SYN-0032,Li-ion (NMC),30.0,24.3,1259,0.1752,9.14,4.55,82.9,80.63,752
SYN-0033,Solid State,40.0,37.78,887,0.1306,6.84,4.15,86.6,92.84,2774
SYN-0034,LiFePO4 (LFP),30.0,29.25,225,0.1083,4.67,4.01,97.2,96.41,3083
SYN-0035,LiFePO4 (LFP),50.0,36.63,3240,0.1623,8.78,5.67,75.1,73.59,448
SYN-0036,LiFePO4 (LFP),30.0,29.75,389,0.1344,7.0,4.26,80.4,97.29,3100
SYN-0037,Li-ion (NMC),40.0,28.34,2136,0.2154,9.74,4.52,66.7,69.82,0
SYN-0038,LTO (Lithium Titanate),60.0,46.63,6525,0.0656,3.26,2.07,84.5,79.0,2986
SYN-0039,Li-ion (NMC),60.0,54.3,485,0.1846,9.62,6.21,88.3,89.8,1422
SYN-0040,Li-ion (NMC),75.0,59.64,1237,0.2248,11.08,6.91,78.3,79.53,584
SYN-0041,Li-ion (NMC),75.0,64.39,889,0.1916,9.95,6.1,85.8,85.82,1043
SYN-0042,LTO (Lithium Titanate),50.0,43.16,3477,0.0942,5.17,3.59,86.3,85.5,4686
SYN-0043,Li-ion (NMC),50.0,43.26,795,0.1834,9.19,4.26,82.9,85.69,1046
SYN-0044,LTO (Lithium Titanate),50.0,35.13,10125,0.0821,2.35,4.73,71.0,69.77,0
SYN-0045,Li-ion (NMC),75.0,72.12,284,0.1848,8.68,5.53,98.2,96.05,1809
SYN-0046,LiFePO4 (LFP),60.0,43.08,3059,0.1531,7.56,4.7,69.6,72.17,264
SYN-0047,Li-ion (NMC),45.0,33.64,1852,0.212,9.68,6.59,75.4,75.4,354
SYN-0048,LTO (Lithium Titanate),30.0,25.08,4874,0.0675,1.82,4.1,84.4,82.58,4229
SYN-0049,Li-ion (NMC),50.0,37.85,1661,0.2127,10.24,4.38,97.3,75.11,325
SYN-0050,Solid State,45.0,40.24,995,0.0801,4.04,4.95,100.0,89.57,2698
SYN-0051,LiFePO4 (LFP),30.0,24.9,1632,0.1415,6.8,5.42,84.7,84.63,1714
SYN-0052,Li-ion (NMC),75.0,57.42,1614,0.2121,10.13,6.75,72.3,76.35,403
SYN-0053,Solid State,75.0,50.96,4097,0.0963,5.13,3.76,65.4,68.37,0
SYN-0054,LTO (Lithium Titanate),75.0,52.87,10045,0.0953,4.59,4.13,71.8,70.73,231
SYN-0055,LTO (Lithium Titanate),30.0,29.91,378,0.063,3.49,4.04,94.1,99.0,8964
SYN-0056,LTO (Lithium Titanate),50.0,39.93,5806,0.0971,4.68,3.24,80.7,79.56,2931
SYN-0057,LTO (Lithium Titanate),75.0,59.12,6167,0.0991,4.64,3.23,77.7,79.35,3250
SYN-0058,Solid State,60.0,51.02,1916,0.1237,6.99,3.3,86.5,84.98,2181
SYN-0059,Solid State,40.0,30.47,2559,0.137,6.76,4.09,77.9,76.76,850
SYN-0060,LiFePO4 (LFP),40.0,37.25,784,0.1064,5.43,3.22,94.4,94.98,2891
SYN-0061,LTO (Lithium Titanate),75.0,57.96,6392,0.1066,5.72,3.33,76.2,77.29,2226
SYN-0062,Li-ion (NMC),40.0,38.36,174,0.2049,10.11,5.11,98.1,96.92,1650
SYN-0063,LTO (Lithium Titanate),30.0,25.67,4863,0.076,3.77,3.58,82.9,86.46,5452
SYN-0064,Solid State,60.0,44.95,3392,0.1061,5.78,2.5,76.6,74.12,519
SYN-0065,LiFePO4 (LFP),60.0,47.58,2760,0.1229,5.58,4.14,79.5,78.32,921
SYN-0066,Li-ion (NMC),60.0,49.38,1123,0.1756,9.32,3.94,82.9,83.81,916
SYN-0067,LiFePO4 (LFP),30.0,23.32,2463,0.1308,6.16,4.44,77.2,78.55,1057
SYN-0068,Solid State,75.0,58.8,2482,0.1218,7.6,2.88,79.3,79.8,1265
SYN-0069,LTO (Lithium Titanate),30.0,26.92,2627,0.0714,3.56,3.33,87.4,90.08,6837
SYN-0070,LiFePO4 (LFP),40.0,30.83,2577,0.1322,6.35,3.32,78.3,77.04,749
SYN-0071,Solid State,50.0,46.15,1053,0.0972,4.0,4.58,94.1,91.55,2862
SYN-0072,LiFePO4 (LFP),40.0,32.45,1998,0.1168,5.02,2.81,81.0,80.82,1211
SYN-0073,LTO (Lithium Titanate),50.0,39.51,7150,0.0868,3.92,4.76,78.0,77.93,2694
SYN-0074,LTO (Lithium Titanate),30.0,23.72,7372,0.0819,3.83,4.71,81.3,78.2,2682
SYN-0075,LTO (Lithium Titanate),60.0,56.08,2608,0.0952,4.47,4.27,94.7,94.16,8178
SYN-0076,LiFePO4 (LFP),40.0,37.44,580,0.1273,6.35,3.68,92.0,94.02,2744
SYN-0077,LiFePO4 (LFP),45.0,33.72,2718,0.1151,4.77,4.65,79.6,75.24,604
SYN-0078,LTO (Lithium Titanate),30.0,24.68,5524,0.0677,3.39,2.23,83.9,82.34,4230
SYN-0079,LiFePO4 (LFP),45.0,41.91,639,0.1125,5.71,4.64,91.2,92.96,2480
SYN-0080,LTO (Lithium Titanate),60.0,55.98,1779,0.0661,3.17,2.33,99.3,95.05,7774
SYN-0081,Solid State,60.0,53.12,1300,0.0827,3.84,4.41,90.6,89.74,2632
SYN-0082,Li-ion (NMC),45.0,32.83,1536,0.2128,10.75,5.37,74.8,74.36,280
SYN-0083,LiFePO4 (LFP),30.0,21.51,3403,0.1432,6.75,3.28,70.1,72.99,380
SYN-0084,Li-ion (NMC),50.0,37.73,1482,0.2138,10.21,4.42,73.4,76.41,451
SYN-0085,LTO (Lithium Titanate),75.0,64.84,3987,0.1022,5.05,2.48,86.4,86.84,6128
SYN-0086,LTO (Lithium Titanate),50.0,37.16,8666,0.1029,5.73,2.84,71.0,75.44,1778
SYN-0087,LiFePO4 (LFP),75.0,55.81,2624,0.1212,6.07,4.65,72.5,75.64,617
SYN-0088,LTO (Lithium Titanate),75.0,60.48,6516,0.0872,4.83,2.48,78.9,79.32,2936
SYN-0089,Li-ion (NMC),75.0,71.86,279,0.1867,9.23,3.86,88.1,95.31,1790
SYN-0090,LiFePO4 (LFP),75.0,67.81,923,0.1476,6.79,3.11,87.9,89.1,2063
SYN-0091,Solid State,50.0,39.11,2508,0.0983,5.22,2.69,79.9,77.61,1084
SYN-0092,Li-ion (NMC),75.0,70.43,489,0.1907,9.1,5.62,92.7,92.45,1438
SYN-0093,Li-ion (NMC),60.0,50.02,1121,0.2192,10.61,5.52,84.1,82.88,789
SYN-0094,Solid State,45.0,37.04,2323,0.1026,4.69,4.85,81.1,80.83,1402
SYN-0095,Li-ion (NMC),45.0,41.15,656,0.2112,11.62,6.07,87.3,90.33,1450
SYN-0096,LTO (Lithium Titanate),50.0,43.64,2803,0.0831,4.11,3.55,82.9,87.29,5665
SYN-0097,Solid State,75.0,69.67,1055,0.1001,5.04,4.96,91.1,91.23,2858
SYN-0098,LiFePO4 (LFP),40.0,34.02,1849,0.1456,8.11,3.84,85.8,83.99,1589
SYN-0099,LTO (Lithium Titanate),60.0,46.81,6506,0.0639,3.45,2.43,76.4,77.22,2475
SYN-0100,Li-ion (NMC),75.0,52.61,2164,0.1986,10.11,6.25,72.4,69.06,0
SYN-0101,Li-ion (NMC),60.0,42.87,1858,0.1906,9.41,6.01,68.7,71.44,88
SYN-0102,Li-ion (NMC),45.0,37.71,1069,0.2179,11.04,4.21,82.6,83.95,878
SYN-0103,Solid State,30.0,23.18,2903,0.1191,6.34,5.4,80.6,76.35,923
SYN-0104,LTO (Lithium Titanate),75.0,65.5,3970,0.0611,3.67,4.25,92.4,87.31,5924
SYN-0105,LiFePO4 (LFP),75.0,70.36,404,0.1151,5.55,3.09,92.7,95.13,2663
SYN-0106,Solid State,30.0,26.74,1463,0.0916,4.25,4.35,90.0,88.76,2398
SYN-0107,Solid State,40.0,32.59,2384,0.1196,6.83,4.77,82.5,80.85,1360
SYN-0108,Solid State,50.0,48.32,522,0.12,5.62,3.27,96.4,95.63,3473
SYN-0109,Li-ion (NMC),30.0,25.15,872,0.1897,10.07,5.91,84.4,83.35,928
SYN-0110,LTO (Lithium Titanate),45.0,40.5,4381,0.0986,4.8,2.29,86.6,88.98,6637
SYN-0111,LiFePO4 (LFP),30.0,22.91,2628,0.132,6.36,4.29,72.4,74.99,616
SYN-0112,LiFePO4 (LFP),60.0,50.6,1932,0.1112,6.85,5.3,84.4,82.72,1621
SYN-0113,Solid State,45.0,33.84,3059,0.1044,5.35,3.31,70.3,75.8,764
SYN-0114,Solid State,40.0,34.38,1966,0.0867,4.94,3.31,83.8,84.33,2058
SYN-0115,LTO (Lithium Titanate),75.0,54.91,9524,0.0659,3.16,3.66,77.1,72.87,1021
SYN-0116,LiFePO4 (LFP),60.0,42.0,3322,0.1361,7.35,3.22,71.6,70.79,87
SYN-0117,LiFePO4 (LFP),75.0,57.37,2604,0.135,7.34,4.06,76.9,76.4,784
SYN-0118,Solid State,30.0,28.14,708,0.1063,5.42,3.89,99.3,94.53,3383
SYN-0119,LTO (Lithium Titanate),30.0,28.04,1658,0.0793,3.34,4.49,93.5,92.2,7068
SYN-0120,LTO (Lithium Titanate),60.0,52.98,3488,0.0879,4.74,4.25,89.1,89.04,6050
SYN-0121,LTO (Lithium Titanate),40.0,38.61,1289,0.09,4.83,5.0,97.1,95.92,8986
SYN-0122,Li-ion (NMC),30.0,29.19,161,0.2079,10.65,4.32,98.3,96.45,1932
SYN-0123,Solid State,40.0,33.18,2320,0.1219,6.7,3.03,84.4,83.49,1725
SYN-0124,LTO (Lithium Titanate),40.0,30.78,7801,0.0604,2.47,3.55,77.4,76.44,2231
SYN-0125,Solid State,75.0,68.17,1216,0.1006,5.68,2.72,90.7,89.81,2862
SYN-0126,Li-ion (NMC),50.0,40.41,1004,0.1881,8.56,4.54,80.3,81.84,824
SYN-0127,LTO (Lithium Titanate),40.0,32.9,5032,0.0617,3.96,2.92,79.4,81.41,4032
SYN-0128,LiFePO4 (LFP),50.0,42.55,1614,0.1356,7.5,3.34,89.7,85.61,1939
SYN-0129,LTO (Lithium Titanate),60.0,44.26,8852,0.0965,5.0,4.27,73.3,72.84,885
SYN-0130,LTO (Lithium Titanate),45.0,35.48,6566,0.0831,4.33,3.92,79.8,78.5,2639
SYN-0131,LiFePO4 (LFP),50.0,38.56,2543,0.1111,5.98,2.99,76.9,78.03,889
SYN-0132,LiFePO4 (LFP),50.0,37.38,3010,0.1462,6.96,3.13,75.5,74.27,463
SYN-0133,LTO (Lithium Titanate),40.0,32.74,5297,0.0683,3.86,4.81,82.9,81.33,4036
SYN-0134,LiFePO4 (LFP),30.0,23.8,2352,0.1522,8.31,4.03,79.9,80.46,1315
SYN-0135,LTO (Lithium Titanate),40.0,30.68,8075,0.0714,3.85,3.98,75.4,76.11,2221
SYN-0136,Solid State,30.0,26.04,1072,0.0931,5.07,3.58,87.4,87.56,2329
SYN-0137,Solid State,40.0,29.32,3066,0.113,6.29,5.05,74.7,74.53,644
SYN-0138,LTO (Lithium Titanate),60.0,58.69,1159,0.0652,3.22,2.56,94.2,97.59,9193
SYN-0139,Li-ion (NMC),60.0,51.44,650,0.2023,9.62,6.61,100.0,86.23,1130
SYN-0140,LiFePO4 (LFP),45.0,31.56,3505,0.1178,4.82,3.88,69.2,69.37,0
SYN-0141,LTO (Lithium Titanate),45.0,37.79,6221,0.0914,4.33,3.29,82.3,84.39,4588
SYN-0142,Li-ion (NMC),40.0,36.65,470,0.1758,8.0,4.75,97.2,91.59,1516
SYN-0143,Li-ion (NMC),75.0,67.7,561,0.1839,10.02,4.15,89.4,90.12,1472
SYN-0144,Solid State,50.0,38.54,2475,0.1166,5.18,5.15,75.1,76.97,867
SYN-0145,Li-ion (NMC),50.0,41.88,1047,0.1955,9.98,5.02,80.0,83.17,811
SYN-0146,LiFePO4 (LFP),60.0,47.26,2198,0.1334,7.23,3.69,76.1,77.77,869
SYN-0147,Li-ion (NMC),60.0,44.18,1783,0.2067,10.01,6.59,71.4,72.87,184
SYN-0148,Li-ion (NMC),60.0,41.17,2029,0.2073,9.4,4.92,68.3,69.98,0
SYN-0149,Solid State,45.0,33.34,3536,0.095,5.29,4.64,72.2,75.18,709
SYN-0150,LTO (Lithium Titanate),50.0,45.11,3345,0.0827,3.63,3.51,89.9,88.99,6188
SYN-0151,Solid State,60.0,52.74,1219,0.0833,4.49,2.77,88.3,89.01,2285
SYN-0152,Li-ion (NMC),75.0,59.09,1235,0.1755,8.22,6.13,78.8,80.14,741
SYN-0153,LTO (Lithium Titanate),45.0,35.61,7055,0.0826,3.53,2.68,77.5,78.48,2629
SYN-0154,Li-ion (NMC),75.0,68.12,374,0.1676,8.58,3.77,91.6,92.56,1589
SYN-0155,Solid State,60.0,45.92,2712,0.111,6.08,4.54,73.8,76.93,878
SYN-0156,Solid State,30.0,23.48,2735,0.1093,5.77,4.04,82.1,79.34,1126
SYN-0157,LTO (Lithium Titanate),60.0,46.19,7984,0.0931,4.49,4.62,77.0,75.62,1818
SYN-0158,Solid State,45.0,38.45,1647,0.0756,4.16,3.7,84.9,86.06,1954
SYN-0159,Li-ion (NMC),75.0,70.44,443,0.1812,9.45,5.78,94.1,93.49,1547
SYN-0160,LTO (Lithium Titanate),75.0,52.99,9422,0.1301,6.73,4.98,74.1,71.53,479
SYN-0161,LTO (Lithium Titanate),45.0,35.52,6881,0.0777,3.6,4.65,76.6,77.74,2595
SYN-0162,Li-ion (NMC),45.0,38.18,895,0.2191,11.28,5.87,83.5,85.02,1027
SYN-0163,LTO (Lithium Titanate),45.0,42.26,1532,0.0758,3.89,4.75,93.4,92.68,7190
SYN-0164,Li-ion (NMC),75.0,67.2,663,0.1942,9.68,6.56,88.9,89.53,1207
SYN-0165,Solid State,50.0,40.11,2453,0.1294,6.87,4.33,82.1,80.5,1260
SYN-0166,Li-ion (NMC),40.0,33.79,828,0.2123,11.06,6.39,88.1,84.39,958
SYN-0167,Li-ion (NMC),45.0,42.64,359,0.1975,9.61,5.59,91.9,94.8,1613
SYN-0168,LTO (Lithium Titanate),75.0,59.55,6426,0.0778,3.08,2.18,77.4,78.75,2674
SYN-0169,LiFePO4 (LFP),40.0,37.0,977,0.1452,7.5,5.62,92.0,92.4,2553
SYN-0170,LTO (Lithium Titanate),45.0,35.66,6028,0.0907,4.68,2.52,80.8,80.04,3369
SYN-0171,LTO (Lithium Titanate),45.0,32.34,9115,0.1082,5.44,3.13,70.0,72.93,939
SYN-0172,LiFePO4 (LFP),60.0,46.73,2083,0.1307,6.36,4.36,84.4,77.9,941
SYN-0173,LiFePO4 (LFP),50.0,44.61,793,0.1118,5.91,5.46,69.7,90.83,2202
SYN-0174,LTO (Lithium Titanate),40.0,31.77,6849,0.1253,6.5,4.99,77.4,78.38,2651
SYN-0175,Solid State,45.0,34.94,2558,0.1007,5.17,4.69,79.9,78.84,1260
SYN-0176,LTO (Lithium Titanate),60.0,50.07,4457,0.0972,4.53,4.97,80.0,83.27,4027
SYN-0177,LTO (Lithium Titanate),30.0,21.81,7435,0.0782,4.07,4.11,73.1,73.97,1313
SYN-0178,LTO (Lithium Titanate),60.0,51.05,4993,0.1015,5.47,4.88,85.7,84.6,4777
SYN-0179,LTO (Lithium Titanate),45.0,36.06,6577,0.0909,4.24,2.93,77.2,79.32,3066
SYN-0180,Solid State,40.0,31.55,2528,0.1212,7.1,2.93,79.9,79.32,1346
SYN-0181,Solid State,40.0,30.86,3111,0.1057,5.12,2.41,80.0,76.65,859
SYN-0182,LTO (Lithium Titanate),40.0,32.7,6764,0.0986,5.09,3.02,77.1,81.46,3987
SYN-0183,LTO (Lithium Titanate),50.0,43.95,3867,0.05,2.75,2.69,83.9,86.75,6029
SYN-0184,Solid State,60.0,50.92,1704,0.0887,4.76,4.56,81.4,84.47,2039
SYN-0185,Solid State,45.0,33.47,3148,0.1166,5.4,2.87,72.0,74.6,558
SYN-0186,LTO (Lithium Titanate),75.0,52.18,9003,0.1169,5.7,3.84,72.3,70.95,333
SYN-0187,Li-ion (NMC),40.0,34.21,877,0.1821,8.47,3.97,84.9,85.17,1070
SYN-0188,LTO (Lithium Titanate),45.0,36.68,5467,0.0653,3.17,4.33,77.3,80.17,3120
SYN-0189,Li-ion (NMC),50.0,43.44,844,0.2134,10.62,6.95,85.5,86.57,1173
SYN-0190,Li-ion (NMC),30.0,23.73,1272,0.2078,10.0,5.47,96.8,78.53,549
SYN-0191,Li-ion (NMC),75.0,52.34,1985,0.23,10.76,7.21,66.3,69.12,0
SYN-0192,Solid State,40.0,32.58,1924,0.1206,7.01,2.66,81.5,81.35,1410
SYN-0193,LTO (Lithium Titanate),50.0,41.53,4094,0.0699,3.51,4.0,79.9,84.13,4708
SYN-0194,LTO (Lithium Titanate),40.0,34.9,4658,0.0566,2.93,3.58,69.8,85.98,4808
SYN-0195,LiFePO4 (LFP),45.0,39.37,1328,0.1237,5.49,4.4,86.1,87.88,2024
SYN-0196,LiFePO4 (LFP),75.0,66.24,1014,0.1485,7.2,4.22,89.0,88.62,2031
SYN-0197,Li-ion (NMC),40.0,38.37,351,0.1875,9.6,6.11,99.2,94.32,1502
SYN-0198,LiFePO4 (LFP),45.0,34.31,2568,0.1072,5.7,3.78,81.1,76.77,779
SYN-0199,LTO (Lithium Titanate),40.0,33.28,5419,0.0685,3.45,2.04,84.4,82.0,4309
SYN-0200,Li-ion (NMC),60.0,47.73,1378,0.1913,10.2,5.21,77.0,78.47,599
SYN-0201,LTO (Lithium Titanate),60.0,48.6,6676,0.0977,4.7,2.94,100.0,80.16,3494
SYN-0202,LTO (Lithium Titanate),75.0,60.48,6864,0.0739,3.82,2.99,81.5,80.73,3680
SYN-0203,LTO (Lithium Titanate),30.0,28.24,1906,0.0904,5.52,4.69,92.9,94.66,8824
SYN-0204,Li-ion (NMC),50.0,44.71,522,0.2116,10.09,4.91,91.8,90.12,1338
SYN-0205,Li-ion (NMC),60.0,52.27,813,0.2018,9.48,6.23,86.9,87.1,1143
SYN-0206,LiFePO4 (LFP),60.0,49.96,1699,0.1173,6.42,2.96,82.7,82.44,1365
SYN-0207,Li-ion (NMC),60.0,53.56,538,0.1876,9.43,5.1,72.7,88.01,1159
SYN-0208,LTO (Lithium Titanate),75.0,58.11,6973,0.0815,4.05,4.25,74.7,78.48,3036
SYN-0209,Solid State,45.0,33.14,3235,0.0867,5.22,2.63,73.4,74.66,570
SYN-0210,Solid State,40.0,30.11,2944,0.102,3.99,4.88,74.6,74.89,653
SYN-0211,Li-ion (NMC),45.0,39.79,617,0.192,9.22,4.4,90.4,90.07,1283
SYN-0212,LTO (Lithium Titanate),75.0,69.79,1815,0.0512,2.41,3.54,94.1,94.08,8345
SYN-0213,Solid State,40.0,33.81,1517,0.1346,6.69,5.03,78.7,84.05,1815
SYN-0214,LiFePO4 (LFP),75.0,63.69,1744,0.1305,7.11,2.84,88.1,83.85,1706
SYN-0215,LTO (Lithium Titanate),45.0,39.58,3472,0.089,5.39,4.22,89.3,88.39,6265
SYN-0216,Li-ion (NMC),75.0,67.33,800,0.2166,11.0,4.46,93.4,88.22,1303
SYN-0217,LiFePO4 (LFP),50.0,45.44,644,0.1169,6.86,3.07,90.1,90.29,2601
SYN-0218,Solid State,30.0,29.5,136,0.1027,5.84,2.41,100.0,98.53,4160
SYN-0219,LiFePO4 (LFP),60.0,56.97,234,0.1328,6.3,3.05,95.3,96.61,3085
SYN-0220,LiFePO4 (LFP),45.0,35.36,2446,0.147,7.82,4.13,74.1,78.72,1117
SYN-0221,Solid State,40.0,33.3,2004,0.1054,5.38,5.28,82.1,82.55,1527
SYN-0222,Li-ion (NMC),40.0,29.84,2007,0.1905,10.31,4.75,77.6,73.72,258
SYN-0223,Solid State,75.0,57.72,3292,0.119,5.41,3.17,76.0,76.35,866
SYN-0224,Solid State,50.0,39.19,2419,0.1477,8.21,3.59,82.2,79.4,1205
SYN-0225,LTO (Lithium Titanate),60.0,57.11,2090,0.0854,4.35,4.43,93.6,93.74,8472
SYN-0226,LTO (Lithium Titanate),75.0,53.45,8888,0.0795,3.26,2.8,52.4,70.71,221
SYN-0227,LiFePO4 (LFP),40.0,38.15,642,0.1427,7.2,5.27,93.0,93.97,2770
SYN-0228,LiFePO4 (LFP),45.0,33.67,2658,0.1314,6.08,4.95,72.4,75.06,541
SYN-0229,Solid State,60.0,44.48,3305,0.1139,5.13,5.31,73.0,75.55,703
SYN-0230,LiFePO4 (LFP),30.0,24.94,2012,0.1565,8.11,5.69,77.7,82.11,1329
SYN-0231,Li-ion (NMC),40.0,32.78,1138,0.2006,9.45,4.2,84.8,83.54,833
SYN-0232,LiFePO4 (LFP),45.0,34.84,2166,0.1033,5.41,4.39,76.8,78.01,942
SYN-0233,Li-ion (NMC),45.0,37.09,1167,0.1913,9.27,5.76,78.9,81.25,676
SYN-0234,LiFePO4 (LFP),50.0,40.71,2395,0.1396,7.31,4.44,78.2,79.98,1255
SYN-0235,Solid State,50.0,41.99,2036,0.0925,5.27,4.12,83.6,85.23,2205
SYN-0236,LiFePO4 (LFP),75.0,58.26,2123,0.1449,6.74,5.4,78.9,78.93,1078
SYN-0237,Solid State,30.0,25.68,1832,0.1088,5.61,2.91,86.3,84.16,2004
SYN-0238,LTO (Lithium Titanate),60.0,53.36,3146,0.0692,3.99,2.93,87.9,89.91,6901
SYN-0239,LTO (Lithium Titanate),30.0,27.86,1795,0.0583,3.27,4.18,95.2,93.68,8545
SYN-0240,LiFePO4 (LFP),30.0,26.38,1301,0.121,5.95,3.93,87.4,89.29,2347
SYN-0241,LTO (Lithium Titanate),30.0,23.54,7017,0.1051,5.92,5.0,77.7,78.54,2975
SYN-0242,Li-ion (NMC),60.0,48.61,1219,0.1866,10.07,4.91,81.1,82.23,830
SYN-0243,Li-ion (NMC),50.0,35.41,1856,0.2275,11.2,5.71,69.2,69.96,0
SYN-0244,LTO (Lithium Titanate),75.0,63.94,4609,0.0687,4.54,4.23,82.9,86.38,5814
SYN-0245,LTO (Lithium Titanate),45.0,34.96,5813,0.105,5.57,4.49,78.0,77.85,2372
SYN-0246,Solid State,50.0,39.74,2714,0.1245,6.78,2.58,78.1,78.64,1142
SYN-0247,LTO (Lithium Titanate),60.0,50.93,4104,0.0833,3.92,4.08,82.1,85.54,5416
SYN-0248,LTO (Lithium Titanate),60.0,53.96,2681,0.082,3.49,2.04,90.6,90.97,7504
SYN-0249,LiFePO4 (LFP),50.0,35.54,3051,0.1211,6.41,4.53,72.1,72.07,251
SYN-0250,LTO (Lithium Titanate),75.0,68.48,2663,0.0824,4.33,2.97,84.8,91.07,7503
SYN-0251,Li-ion (NMC),40.0,32.58,1240,0.19,10.65,6.05,80.8,81.33,745
SYN-0252,Solid State,50.0,41.75,2406,0.1256,6.77,3.26,81.8,81.95,1658
SYN-0253,LTO (Lithium Titanate),60.0,55.58,1168,0.0748,4.29,4.35,91.7,93.63,7997
SYN-0254,Solid State,60.0,48.13,2732,0.1191,6.18,4.67,83.5,80.07,1277
SYN-0255,LiFePO4 (LFP),60.0,49.44,2246,0.1219,6.05,3.91,79.9,80.82,1325
SYN-0256,Li-ion (NMC),45.0,38.14,962,0.2062,10.9,4.39,82.9,83.75,897
SYN-0257,LTO (Lithium Titanate),75.0,71.18,837,0.1161,5.2,5.11,95.4,95.98,8160
SYN-0258,Solid State,75.0,53.36,3637,0.1083,5.89,4.95,69.6,71.69,247
SYN-0259,LTO (Lithium Titanate),45.0,35.74,6214,0.0943,3.52,4.15,78.8,79.14,2770
SYN-0260,Li-ion (NMC),30.0,21.77,1787,0.2142,10.54,5.51,75.8,73.26,201
SYN-0261,LiFePO4 (LFP),50.0,37.61,2727,0.1369,6.78,4.85,73.0,75.58,638
SYN-0262,Li-ion (NMC),75.0,69.22,186,0.2145,10.65,6.74,90.1,92.09,1506
SYN-0263,Solid State,50.0,47.28,516,0.0771,3.2,2.38,97.4,96.09,3449
SYN-0264,Solid State,75.0,57.77,3002,0.1257,7.01,5.02,77.0,76.28,836
SYN-0265,LTO (Lithium Titanate),60.0,53.72,3762,0.0845,3.59,4.52,88.0,88.92,5973
SYN-0266,Solid State,50.0,37.57,3074,0.1112,5.96,3.88,76.3,76.07,879
SYN-0267,LiFePO4 (LFP),30.0,29.07,259,0.1363,6.85,3.77,97.9,98.04,3441
SYN-0268,LTO (Lithium Titanate),75.0,71.29,1281,0.0893,4.37,3.72,95.3,96.7,8740
SYN-0269,Solid State,60.0,47.7,2789,0.1132,6.72,2.71,58.2,80.33,1508
SYN-0270,Solid State,75.0,54.55,2923,0.1098,4.94,3.05,73.2,72.92,426
SYN-0271,Li-ion (NMC),45.0,32.28,1711,0.1915,9.06,5.56,74.4,71.67,108
SYN-0272,Li-ion (NMC),75.0,55.13,1612,0.2061,10.32,4.31,73.3,74.01,274
SYN-0273,Li-ion (NMC),30.0,26.11,773,0.187,9.86,4.24,90.2,87.43,1250
SYN-0274,Li-ion (NMC),40.0,28.8,1816,0.2166,10.52,6.98,73.0,73.37,218
SYN-0275,Solid State,30.0,23.0,3309,0.1115,5.59,3.78,76.4,76.96,1014
SYN-0276,LTO (Lithium Titanate),50.0,44.3,3251,0.096,4.73,2.54,90.2,89.57,6279
SYN-0277,Solid State,75.0,64.75,1649,0.1375,6.97,5.55,85.1,86.91,2162
SYN-0278,Solid State,50.0,39.83,2352,0.093,4.39,4.02,78.5,78.87,1189
SYN-0279,LTO (Lithium Titanate),60.0,45.32,8748,0.0673,4.13,3.5,72.4,74.83,1598
SYN-0280,Li-ion (NMC),50.0,48.67,159,0.2064,10.53,5.32,93.6,97.57,1867
SYN-0281,LiFePO4 (LFP),30.0,26.95,1029,0.121,6.45,3.23,94.0,90.69,2504
SYN-0282,Solid State,60.0,45.82,3194,0.1067,5.4,4.49,75.8,75.96,730
SYN-0283,Li-ion (NMC),30.0,20.73,2031,0.2204,9.85,6.65,72.6,69.35,0
SYN-0284,Li-ion (NMC),40.0,30.34,1443,0.2018,9.41,4.28,72.5,76.15,390
SYN-0285,Li-ion (NMC),75.0,55.04,1589,0.188,10.07,3.72,93.1,72.94,179
SYN-0286,LiFePO4 (LFP),45.0,41.05,1253,0.1228,5.84,4.38,88.2,89.74,2211
SYN-0287,LTO (Lithium Titanate),30.0,27.98,1960,0.0608,3.06,2.75,90.5,91.54,7171
SYN-0288,Solid State,75.0,68.81,1016,0.1199,5.46,4.94,93.9,90.95,2699
SYN-0289,LTO (Lithium Titanate),45.0,36.45,5544,0.088,5.52,4.93,86.2,82.6,3867
SYN-0290,LTO (Lithium Titanate),40.0,38.1,1582,0.07,2.74,2.9,96.3,94.14,7800
SYN-0291,LTO (Lithium Titanate),75.0,58.52,7317,0.0864,4.53,2.95,77.0,78.31,2597
SYN-0292,Li-ion (NMC),40.0,28.59,1997,0.2264,10.35,4.59,68.0,70.57,37
SYN-0293,Solid State,60.0,54.5,1582,0.121,5.76,5.25,89.0,89.18,2769
SYN-0294,LiFePO4 (LFP),40.0,35.95,667,0.1319,6.63,2.96,90.4,91.59,2584
SYN-0295,Li-ion (NMC),30.0,23.8,1181,0.1905,9.16,6.52,80.5,79.69,593
SYN-0296,Solid State,60.0,43.7,3147,0.1044,4.88,2.64,73.4,72.44,294
SYN-0297,Li-ion (NMC),50.0,44.49,647,0.2117,10.84,7.0,89.0,89.7,1366
SYN-0298,Solid State,45.0,43.44,329,0.072,3.02,2.09,96.9,97.15,3699
SYN-0299,LiFePO4 (LFP),45.0,41.43,1293,0.1193,6.11,2.9,89.5,91.21,2589
SYN-0300,LTO (Lithium Titanate),75.0,55.35,9357,0.1018,5.59,3.44,73.4,72.7,899
SYN-0301,Li-ion (NMC),50.0,46.56,339,0.179,8.9,5.29,89.5,92.46,1373
SYN-0302,LiFePO4 (LFP),30.0,24.27,2144,0.1405,7.42,5.58,78.9,79.76,1117
SYN-0303,LiFePO4 (LFP),75.0,75.23,141,0.1139,6.15,2.61,97.9,98.43,3113
SYN-0304,Solid State,30.0,27.89,571,0.109,5.16,3.66,92.6,94.17,3384
SYN-0305,LTO (Lithium Titanate),75.0,71.27,1007,0.0628,3.81,4.35,92.2,93.52,7316
SYN-0306,Solid State,40.0,30.43,3028,0.0934,4.78,4.69,76.9,75.58,745
SYN-0307,Li-ion (NMC),60.0,52.42,724,0.1904,9.19,6.58,94.0,87.38,1074
SYN-0308,Solid State,60.0,44.37,3614,0.0945,5.17,2.28,70.7,73.3,454
SYN-0309,LTO (Lithium Titanate),50.0,43.48,4187,0.0917,4.91,3.8,90.9,87.49,6297
SYN-0310,LiFePO4 (LFP),60.0,48.57,2140,0.1274,6.24,3.11,80.3,80.67,1263
SYN-0311,LiFePO4 (LFP),30.0,23.49,2506,0.1195,6.59,4.03,77.1,78.08,935
SYN-0312,LiFePO4 (LFP),45.0,41.0,681,0.1579,8.07,3.28,93.8,91.92,2805
SYN-0313,Li-ion (NMC),50.0,37.18,1658,0.2016,9.61,4.82,75.7,73.23,203
SYN-0314,LiFePO4 (LFP),50.0,38.04,2720,0.1521,8.12,3.59,73.5,76.29,764
SYN-0315,Solid State,45.0,39.94,1389,0.1057,6.07,3.64,88.4,88.21,2211
SYN-0316,LTO (Lithium Titanate),75.0,64.57,2763,0.1193,5.38,3.08,88.6,87.02,5154
SYN-0317,Li-ion (NMC),50.0,38.45,1347,0.2095,9.76,5.26,94.0,77.3,504
SYN-0318,LiFePO4 (LFP),50.0,37.68,2711,0.1167,5.19,4.14,81.6,74.49,503
SYN-0319,Li-ion (NMC),30.0,24.11,1297,0.2025,10.22,6.68,76.5,79.43,589
SYN-0320,LTO (Lithium Titanate),60.0,51.8,4235,0.0544,2.55,4.18,88.7,86.88,5566
SYN-0321,LiFePO4 (LFP),30.0,24.46,1963,0.1185,7.09,4.77,85.1,82.03,1406
SYN-0322,LTO (Lithium Titanate),45.0,38.17,5139,0.0808,4.05,2.87,80.9,85.17,5157
SYN-0323,LTO (Lithium Titanate),40.0,34.39,3828,0.0798,3.38,3.67,89.1,86.69,5792
SYN-0324,LTO (Lithium Titanate),45.0,33.94,8038,0.0707,3.14,4.45,74.7,74.69,1649
SYN-0325,Li-ion (NMC),45.0,34.42,1476,0.2174,10.46,6.82,79.1,77.86,491
SYN-0326,Solid State,40.0,30.5,3487,0.1167,5.62,3.51,74.5,75.88,740
SYN-0327,Li-ion (NMC),45.0,33.14,1853,0.2125,10.85,7.04,57.5,73.95,245
SYN-0328,Solid State,30.0,24.41,2156,0.1067,5.82,2.91,83.0,82.86,1805
SYN-0329,Li-ion (NMC),75.0,55.9,1722,0.2353,12.79,6.51,73.6,73.34,226
SYN-0330,Solid State,40.0,30.96,3154,0.1075,5.77,3.34,91.0,77.12,914
SYN-0331,Li-ion (NMC),40.0,34.71,696,0.2047,10.33,4.48,83.4,86.94,1139
SYN-0332,LTO (Lithium Titanate),75.0,59.8,5552,0.103,5.23,4.56,79.6,80.67,3895
SYN-0333,LiFePO4 (LFP),40.0,30.49,2617,0.16,8.62,3.5,75.3,76.35,690
SYN-0334,LiFePO4 (LFP),75.0,53.11,3465,0.1252,6.05,4.09,68.7,71.82,232
SYN-0335,Li-ion (NMC),45.0,31.06,1800,0.2246,12.69,5.44,71.1,69.03,0
SYN-0336,Li-ion (NMC),40.0,30.29,1560,0.1937,10.55,5.99,73.5,75.84,371
SYN-0337,LiFePO4 (LFP),60.0,44.39,2691,0.1214,5.3,3.24,91.9,74.83,555
SYN-0338,Li-ion (NMC),40.0,34.01,718,0.1827,8.99,6.29,90.0,86.32,1168
SYN-0339,Solid State,50.0,46.02,1002,0.0985,5.09,4.24,90.3,91.62,3150
SYN-0340,LiFePO4 (LFP),45.0,31.77,3273,0.137,6.75,3.79,74.2,71.27,156
SYN-0341,LiFePO4 (LFP),50.0,36.4,2989,0.124,6.29,5.04,73.8,72.39,282
SYN-0342,LTO (Lithium Titanate),60.0,47.3,6796,0.0836,3.58,4.64,77.6,80.32,3614
SYN-0343,LTO (Lithium Titanate),40.0,35.12,3310,0.0857,3.84,4.18,85.2,86.92,5957
SYN-0344,Li-ion (NMC),60.0,46.53,1574,0.1664,7.78,4.2,94.5,76.08,430
SYN-0345,Solid State,40.0,32.77,2555,0.1207,5.67,4.07,79.8,80.31,1433
SYN-0346,Li-ion (NMC),75.0,56.42,1643,0.2154,10.64,6.92,79.4,76.19,373
SYN-0347,LTO (Lithium Titanate),60.0,50.19,4483,0.0876,4.37,4.17,76.9,84.78,5386
SYN-0348,LiFePO4 (LFP),30.0,27.26,859,0.14,6.67,4.22,91.0,90.33,2138
SYN-0349,LiFePO4 (LFP),75.0,63.83,1500,0.0965,4.86,3.35,84.2,85.27,1809
SYN-0350,Li-ion (NMC),30.0,23.42,1420,0.2078,10.32,6.09,76.4,77.81,503
SYN-0351,Solid State,75.0,56.33,3403,0.1012,5.34,4.14,68.2,75.94,820
SYN-0352,LiFePO4 (LFP),60.0,46.47,2878,0.1097,5.23,4.69,80.5,77.7,883
SYN-0353,Solid State,45.0,30.96,4343,0.1216,6.71,4.67,74.6,70.09,10
SYN-0354,Solid State,40.0,32.78,2152,0.111,4.76,3.77,81.8,80.55,1432
SYN-0355,Solid State,40.0,30.8,3010,0.1421,7.77,4.51,75.9,76.79,890
SYN-0356,LTO (Lithium Titanate),40.0,36.44,3134,0.0891,4.53,4.42,87.4,89.47,7129
SYN-0357,LTO (Lithium Titanate),30.0,23.18,7102,0.1161,5.8,3.61,77.6,76.47,1954
SYN-0358,Li-ion (NMC),40.0,36.54,430,0.2317,11.73,5.75,87.2,90.16,1344
SYN-0359,Li-ion (NMC),40.0,29.56,1638,0.2236,11.7,6.9,72.4,73.32,202
SYN-0360,LTO (Lithium Titanate),40.0,33.74,5204,0.0864,4.88,4.68,81.1,83.35,4017
SYN-0361,Solid State,45.0,36.03,2529,0.1305,5.73,5.27,84.0,79.05,1141
SYN-0362,LiFePO4 (LFP),40.0,32.49,2354,0.1217,5.94,5.34,83.8,80.94,1369
SYN-0363,Solid State,40.0,29.55,3493,0.1229,6.34,3.28,75.3,73.72,543
SYN-0364,LTO (Lithium Titanate),40.0,38.53,1379,0.0957,4.81,3.97,97.4,97.72,8757
SYN-0365,Solid State,50.0,43.35,1374,0.0719,4.15,3.01,88.9,87.03,2387
SYN-0366,Solid State,50.0,44.04,1376,0.0995,5.14,2.52,88.1,88.23,2429
SYN-0367,LiFePO4 (LFP),30.0,23.83,2760,0.1303,6.55,4.03,81.3,77.92,959
SYN-0368,LiFePO4 (LFP),45.0,35.51,1849,0.1026,5.48,4.13,81.8,80.17,1176
SYN-0369,Li-ion (NMC),60.0,47.31,1447,0.2094,10.73,6.64,74.6,78.06,571
SYN-0370,LiFePO4 (LFP),75.0,66.31,1169,0.1515,6.59,4.38,86.2,87.39,2223
SYN-0371,LTO (Lithium Titanate),45.0,37.96,4307,0.0576,2.86,2.8,82.3,84.41,4347
SYN-0372,Solid State,30.0,24.93,1896,0.1016,4.53,4.22,88.4,82.93,1596
SYN-0373,LTO (Lithium Titanate),75.0,54.38,8987,0.0767,4.18,4.5,76.2,73.25,1101
SYN-0374,LiFePO4 (LFP),40.0,30.61,2618,0.1588,7.61,3.32,73.2,76.71,709
SYN-0375,Solid State,75.0,65.67,1026,0.1113,5.54,4.37,83.7,86.85,2068
SYN-0376,LTO (Lithium Titanate),45.0,40.03,3100,0.0642,2.3,2.24,89.3,89.08,6581
SYN-0377,Li-ion (NMC),60.0,47.66,1262,0.1876,9.19,4.12,80.5,80.45,711
SYN-0378,LTO (Lithium Titanate),75.0,72.21,700,0.1005,5.15,4.45,99.1,97.8,9853
SYN-0379,LTO (Lithium Titanate),40.0,29.46,9233,0.0699,3.55,3.17,77.0,73.7,1297
SYN-0380,LiFePO4 (LFP),50.0,42.93,1603,0.1139,5.85,3.26,85.7,84.72,1611
SYN-0381,LTO (Lithium Titanate),50.0,39.37,7807,0.079,3.24,3.82,80.3,78.13,2709
SYN-0382,Li-ion (NMC),60.0,46.56,1694,0.1835,9.86,6.37,79.3,76.86,481
SYN-0383,LTO (Lithium Titanate),50.0,44.02,2723,0.0918,4.57,2.91,100.0,89.32,6922
SYN-0384,Li-ion (NMC),45.0,38.41,901,0.1812,9.03,5.05,87.6,84.38,992
SYN-0385,Li-ion (NMC),40.0,37.52,231,0.1749,7.67,4.54,96.3,94.92,1824
SYN-0386,LTO (Lithium Titanate),45.0,33.18,9456,0.0694,3.44,3.01,73.8,72.86,872
SYN-0387,Solid State,30.0,21.04,3776,0.1058,4.36,2.93,71.8,71.41,172
SYN-0388,LiFePO4 (LFP),75.0,59.04,2464,0.1337,7.62,3.58,80.7,78.56,926
SYN-0389,Solid State,40.0,34.03,1738,0.0983,4.19,2.84,85.7,85.16,2184
SYN-0390,Li-ion (NMC),45.0,38.8,622,0.1641,7.69,4.01,84.2,87.74,1226
SYN-0391,Li-ion (NMC),45.0,37.29,1071,0.19,10.13,5.62,84.1,83.32,910
SYN-0392,LTO (Lithium Titanate),40.0,35.8,2849,0.0675,2.9,2.55,86.2,90.2,7090
SYN-0393,LTO (Lithium Titanate),75.0,57.22,7660,0.0844,4.8,3.72,78.6,77.25,2621
SYN-0394,LTO (Lithium Titanate),30.0,26.87,4006,0.0829,4.36,4.04,91.4,88.73,6726
SYN-0395,Li-ion (NMC),30.0,24.29,1214,0.2122,10.18,5.53,80.8,79.93,610
SYN-0396,LTO (Lithium Titanate),45.0,34.56,6706,0.1175,5.28,2.6,77.0,77.15,2543
SYN-0397,Solid State,40.0,37.46,928,0.1106,6.02,4.76,93.9,92.09,3218
SYN-0398,LTO (Lithium Titanate),50.0,46.37,2477,0.0808,3.54,3.65,89.9,91.52,7530
SYN-0399,Li-ion (NMC),45.0,39.32,657,0.2018,10.81,6.01,79.4,86.27,1141
SYN-0400,Solid State,75.0,60.91,2243,0.1373,7.22,4.92,82.6,82.35,1679
SYN-0401,LTO (Lithium Titanate),45.0,40.45,2669,0.0692,3.32,3.02,90.6,89.63,7069
SYN-0402,Li-ion (NMC),45.0,38.05,813,0.1937,8.94,6.0,100.0,85.17,923
SYN-0403,Solid State,50.0,34.58,3969,0.1451,7.83,4.39,65.4,68.77,0
SYN-0404,Solid State,45.0,36.72,2102,0.1075,5.04,5.23,77.3,80.3,1337
SYN-0405,Solid State,75.0,55.65,3318,0.1192,4.88,5.4,72.8,75.06,641
SYN-0406,LiFePO4 (LFP),30.0,20.46,3541,0.1327,6.45,5.4,67.7,68.86,0
SYN-0407,LiFePO4 (LFP),60.0,53.58,1545,0.1168,6.07,3.39,88.6,88.47,2120
SYN-0408,LiFePO4 (LFP),60.0,46.8,2266,0.1083,5.26,2.43,63.5,78.88,989
SYN-0409,LiFePO4 (LFP),30.0,26.51,1061,0.1437,6.68,3.24,90.8,87.63,1935
SYN-0410,LiFePO4 (LFP),45.0,37.3,2104,0.1147,6.18,3.77,80.5,83.14,1613
SYN-0411,LTO (Lithium Titanate),50.0,39.28,6118,0.0638,2.17,4.3,78.6,78.37,2882
SYN-0412,Solid State,45.0,33.47,3526,0.1389,6.99,4.52,73.3,73.23,441
SYN-0413,Li-ion (NMC),50.0,44.12,727,0.2058,10.06,5.86,83.1,87.36,1171
SYN-0414,Solid State,40.0,29.6,3147,0.1061,6.13,3.61,69.4,74.72,680
SYN-0415,LTO (Lithium Titanate),75.0,71.76,698,0.142,7.12,3.62,96.6,97.04,8914
SYN-0416,Solid State,60.0,43.93,3122,0.1004,5.29,4.1,74.3,73.92,504
SYN-0417,Solid State,60.0,45.45,3081,0.1113,5.38,2.74,78.6,75.47,710
SYN-0418,LTO (Lithium Titanate),40.0,36.85,2766,0.0778,3.59,3.63,89.7,90.68,6703
SYN-0419,LiFePO4 (LFP),60.0,52.13,1565,0.1277,6.42,5.44,80.9,86.5,1832
SYN-0420,Solid State,40.0,29.03,3405,0.1221,5.57,4.21,70.7,71.59,206
SYN-0421,Li-ion (NMC),45.0,41.48,422,0.1864,9.05,4.28,88.5,92.85,1645
SYN-0422,Li-ion (NMC),60.0,43.67,1603,0.1936,9.8,3.94,77.2,74.06,274
SYN-0423,LiFePO4 (LFP),45.0,36.72,1993,0.1343,7.73,2.86,76.1,80.28,1188
SYN-0424,LTO (Lithium Titanate),75.0,64.92,3398,0.0963,5.57,4.41,86.0,86.94,5555
SYN-0425,LTO (Lithium Titanate),75.0,61.9,5394,0.0907,4.81,2.52,83.2,81.03,3893
SYN-0426,LTO (Lithium Titanate),30.0,26.83,3075,0.0798,4.08,3.07,90.0,90.61,7002
SYN-0427,Li-ion (NMC),45.0,37.08,1164,0.1888,10.08,6.08,83.2,81.88,735
SYN-0428,Li-ion (NMC),75.0,59.7,1473,0.2242,10.99,6.62,82.1,78.73,529
SYN-0429,Solid State,30.0,26.69,1133,0.1158,5.96,4.66,91.2,89.66,2842
SYN-0430,LiFePO4 (LFP),45.0,36.37,2095,0.1141,4.71,3.38,80.9,80.74,1140
SYN-0431,LiFePO4 (LFP),30.0,25.01,1693,0.1214,5.12,4.27,84.1,83.74,1654
SYN-0432,Li-ion (NMC),45.0,40.73,411,0.229,11.02,5.25,86.7,90.09,1341
SYN-0433,Li-ion (NMC),40.0,35.89,485,0.1948,10.36,4.46,90.6,91.49,1467
SYN-0434,LiFePO4 (LFP),50.0,33.52,3523,0.1482,7.48,5.78,67.4,66.43,0
SYN-0435,Li-ion (NMC),60.0,50.9,971,0.1652,8.15,6.34,84.8,83.46,973
SYN-0436,LiFePO4 (LFP),30.0,25.42,1646,0.1071,3.77,3.86,84.7,85.22,1735
SYN-0437,Solid State,30.0,23.92,2380,0.1056,5.49,4.85,78.6,80.54,1502
SYN-0438,Solid State,45.0,38.56,1878,0.1103,5.77,5.18,82.0,84.32,1815
SYN-0439,Li-ion (NMC),40.0,34.48,945,0.2016,9.48,6.13,82.8,84.72,934
SYN-0440,LTO (Lithium Titanate),50.0,41.22,5489,0.0875,4.0,3.43,79.6,82.85,4162
SYN-0441,Solid State,30.0,27.51,1061,0.121,6.06,3.9,84.8,89.92,2427
SYN-0442,Solid State,40.0,37.58,632,0.1029,4.97,2.7,92.8,93.17,3091
SYN-0443,LiFePO4 (LFP),45.0,35.25,2210,0.1155,5.95,5.23,76.9,79.3,1176
SYN-0444,Solid State,45.0,33.82,3485,0.0953,4.66,2.48,73.6,74.84,686
SYN-0445,Li-ion (NMC),45.0,38.2,802,0.1962,9.38,4.44,82.8,86.42,1048
SYN-0446,LTO (Lithium Titanate),30.0,24.3,6076,0.0811,3.71,3.28,75.5,79.49,3204
SYN-0447,LiFePO4 (LFP),60.0,47.48,2083,0.1234,5.6,5.08,79.3,80.74,1296
SYN-0448,LTO (Lithium Titanate),50.0,40.87,5535,0.0839,3.65,3.2,62.3,80.18,3704
SYN-0449,LTO (Lithium Titanate),30.0,23.55,6814,0.0758,3.7,2.03,78.5,78.12,2733
SYN-0450,LTO (Lithium Titanate),45.0,38.07,4132,0.0958,4.35,4.48,87.3,85.79,5229
SYN-0451,Li-ion (NMC),60.0,52.18,620,0.1999,9.66,6.16,85.9,87.32,1260
SYN-0452,LiFePO4 (LFP),45.0,40.47,1331,0.1556,7.98,5.03,90.6,88.18,1950
SYN-0453,Solid State,45.0,44.15,362,0.0916,4.94,4.79,96.6,96.27,3703
SYN-0454,LTO (Lithium Titanate),30.0,28.13,1635,0.075,3.23,2.51,97.0,95.06,7764
SYN-0455,Solid State,60.0,53.03,1465,0.0873,4.35,3.55,83.7,88.11,2301
SYN-0456,LTO (Lithium Titanate),45.0,38.83,3580,0.1024,5.74,2.61,82.9,85.06,4634
SYN-0457,Li-ion (NMC),45.0,36.05,1121,0.1954,9.3,4.7,77.2,78.84,575
SYN-0458,Li-ion (NMC),60.0,46.65,1548,0.2064,10.29,6.55,99.9,77.69,525
SYN-0459,LTO (Lithium Titanate),75.0,57.69,6814,0.0812,4.24,2.11,80.3,78.4,3014
SYN-0460,Solid State,50.0,41.55,1782,0.0845,4.46,3.77,89.2,82.48,1540
SYN-0461,Solid State,50.0,45.92,542,0.0868,4.03,3.32,97.6,93.68,3229
SYN-0462,Li-ion (NMC),30.0,25.23,951,0.2163,10.57,6.24,84.5,84.23,1027
SYN-0463,Li-ion (NMC),60.0,51.11,877,0.1715,8.45,3.7,85.1,86.01,1013
SYN-0464,LiFePO4 (LFP),45.0,34.28,2652,0.134,5.4,3.34,80.7,75.7,701
SYN-0465,Li-ion (NMC),75.0,70.38,375,0.2025,9.58,4.61,92.7,92.13,1460
SYN-0466,Solid State,60.0,42.72,3480,0.1087,5.35,4.5,71.1,70.06,8
SYN-0467,LTO (Lithium Titanate),45.0,34.39,7249,0.1164,6.71,4.17,75.6,75.6,2012
SYN-0468,Li-ion (NMC),45.0,33.99,1545,0.2047,10.15,4.15,75.7,75.58,395
SYN-0469,LiFePO4 (LFP),75.0,58.99,2338,0.114,5.81,3.91,75.9,78.47,1011
SYN-0470,LTO (Lithium Titanate),60.0,57.12,970,0.0662,2.66,2.93,92.2,95.22,7999
SYN-0471,Solid State,30.0,23.65,2231,0.1072,5.72,2.84,81.3,79.8,1186
SYN-0472,Li-ion (NMC),60.0,54.06,764,0.2028,9.64,4.13,87.5,88.9,1187
SYN-0473,Solid State,60.0,47.52,2382,0.1375,7.14,4.89,85.2,80.5,1525
SYN-0474,LiFePO4 (LFP),50.0,35.03,3705,0.1539,7.33,3.87,73.7,70.15,18
SYN-0475,Solid State,75.0,73.09,200,0.0842,3.92,3.49,99.0,98.34,4051
SYN-0476,LTO (Lithium Titanate),60.0,52.77,1843,0.1092,5.31,2.89,100.0,89.17,6098
SYN-0477,LiFePO4 (LFP),40.0,31.36,2431,0.1249,6.23,3.4,78.8,78.45,933
SYN-0478,Li-ion (NMC),30.0,29.45,29,0.1555,7.99,5.42,100.0,99.58,1995
SYN-0479,Solid State,40.0,36.11,922,0.08,3.75,3.04,90.4,91.47,2868
SYN-0480,LiFePO4 (LFP),60.0,52.08,1124,0.1166,5.12,2.82,90.3,88.55,2316
SYN-0481,Solid State,50.0,42.43,1990,0.125,6.55,3.02,83.3,84.03,1942
SYN-0482,LTO (Lithium Titanate),40.0,28.52,9477,0.0773,4.07,2.89,67.3,70.72,255
SYN-0483,Solid State,45.0,44.45,564,0.07,4.01,4.7,99.0,99.3,3970
SYN-0484,Solid State,40.0,34.0,2118,0.1068,4.93,5.26,87.6,84.49,1896
SYN-0485,LTO (Lithium Titanate),60.0,45.34,6908,0.0898,3.46,2.37,74.8,76.78,2366
SYN-0486,LTO (Lithium Titanate),40.0,29.7,8604,0.109,4.52,3.29,74.8,73.01,1017
SYN-0487,LiFePO4 (LFP),40.0,28.94,3447,0.1236,6.54,3.91,72.8,71.49,186
SYN-0488,LiFePO4 (LFP),30.0,24.66,1647,0.1352,6.75,3.89,81.4,81.46,1286
SYN-0489,LiFePO4 (LFP),45.0,39.01,1499,0.1522,7.1,4.02,88.6,86.27,2073
SYN-0490,LTO (Lithium Titanate),30.0,21.7,9776,0.0813,4.71,2.98,76.2,72.57,903
SYN-0491,LiFePO4 (LFP),30.0,25.94,1104,0.1379,6.87,2.99,100.0,86.73,2098
SYN-0492,LTO (Lithium Titanate),40.0,34.28,4018,0.0733,3.29,3.63,85.1,86.89,5894
SYN-0493,Li-ion (NMC),30.0,22.66,1457,0.1838,9.21,5.88,76.9,76.62,408
SYN-0494,Solid State,40.0,38.18,420,0.1148,5.12,2.85,90.4,95.98,3120
SYN-0495,LiFePO4 (LFP),45.0,34.74,2512,0.1276,5.29,4.55,78.1,77.18,856
SYN-0496,Li-ion (NMC),50.0,43.86,821,0.187,9.13,3.83,83.8,86.01,1002
SYN-0497,Li-ion (NMC),30.0,28.83,226,0.1842,7.87,6.08,98.0,96.73,1745
SYN-0498,LTO (Lithium Titanate),45.0,28.94,10689,0.0663,4.37,4.11,43.7,64.88,0
SYN-0499,LTO (Lithium Titanate),45.0,38.86,4830,0.0802,3.98,3.76,90.8,86.18,5689
SYN-0500,LiFePO4 (LFP),45.0,41.14,546,0.1136,5.81,3.38,95.7,92.51,2673
SYN-0501,Solid State,40.0,29.88,3273,0.1217,6.06,4.58,74.6,75.57,668
SYN-0502,LTO (Lithium Titanate),30.0,24.79,6162,0.0857,4.01,3.18,82.5,81.55,4137
SYN-0503,Solid State,30.0,21.95,3339,0.1123,5.9,4.68,96.5,74.42,540
SYN-0504,LTO (Lithium Titanate),50.0,45.71,1322,0.079,4.05,2.62,93.1,92.52,7326
SYN-0505,Li-ion (NMC),60.0,44.94,1638,0.2109,10.07,5.19,71.7,74.57,330
SYN-0506,LiFePO4 (LFP),30.0,24.65,1647,0.1516,7.88,3.97,80.8,82.31,1326
SYN-0507,Solid State,30.0,23.34,2660,0.1176,6.36,4.49,81.7,77.83,1096
SYN-0508,Li-ion (NMC),75.0,65.52,611,0.1761,9.16,6.34,88.3,88.16,1170
SYN-0509,LTO (Lithium Titanate),30.0,27.85,1549,0.0824,4.8,3.99,92.1,94.33,7860
SYN-0510,Solid State,45.0,30.67,4107,0.1191,6.21,5.21,68.7,68.5,0
SYN-0511,LTO (Lithium Titanate),45.0,35.15,6278,0.0649,2.72,2.34,81.5,78.12,2976
SYN-0512,Li-ion (NMC),40.0,33.75,813,0.1649,8.57,5.98,84.5,83.26,853
SYN-0513,LiFePO4 (LFP),50.0,43.8,1169,0.1159,5.95,4.91,89.0,88.13,2273
SYN-0514,LTO (Lithium Titanate),45.0,37.53,4815,0.089,4.15,4.22,81.6,83.29,4477
SYN-0515,Li-ion (NMC),75.0,63.81,987,0.2106,10.39,5.71,80.3,83.73,974
SYN-0516,Li-ion (NMC),40.0,30.34,1739,0.2058,9.67,4.11,72.7,74.71,306
SYN-0517,Li-ion (NMC),60.0,52.06,744,0.2168,11.34,5.73,86.5,85.14,1037
SYN-0518,Li-ion (NMC),75.0,56.31,1563,0.2045,10.43,5.31,72.8,74.22,304
SYN-0519,LTO (Lithium Titanate),60.0,49.55,5863,0.096,5.06,4.66,81.0,81.73,3576
SYN-0520,Solid State,30.0,23.5,2630,0.1261,5.9,4.65,80.9,77.87,1096
SYN-0521,Solid State,30.0,23.33,2753,0.0987,4.71,4.13,76.2,76.9,967
SYN-0522,Solid State,60.0,43.39,3213,0.1113,6.0,3.39,75.2,73.75,461
SYN-0523,Li-ion (NMC),60.0,48.67,1114,0.1726,8.52,5.78,78.9,81.48,752
SYN-0524,LTO (Lithium Titanate),40.0,35.9,3121,0.085,3.83,2.32,100.0,88.19,6228
SYN-0525,Li-ion (NMC),40.0,27.4,2013,0.2055,9.71,5.03,68.9,69.88,0
SYN-0526,LTO (Lithium Titanate),30.0,25.69,4289,0.1165,7.34,4.81,91.4,86.2,5355
SYN-0527,Solid State,60.0,49.26,2197,0.1004,4.44,2.97,82.0,81.7,1658
SYN-0528,LTO (Lithium Titanate),45.0,39.73,4169,0.0647,3.2,4.62,85.5,86.97,5348
SYN-0529,Li-ion (NMC),50.0,46.59,180,0.1865,9.44,6.37,95.2,94.68,1756
SYN-0530,LiFePO4 (LFP),45.0,37.35,1328,0.1218,5.66,5.45,83.7,84.35,1722
SYN-0531,LTO (Lithium Titanate),50.0,34.54,9900,0.05,1.98,2.59,73.6,68.77,0
SYN-0532,Solid State,75.0,53.57,3665,0.0979,5.07,3.78,67.0,70.93,135
SYN-0533,LiFePO4 (LFP),45.0,40.59,699,0.139,7.0,4.3,93.3,90.65,2278
SYN-0534,LiFePO4 (LFP),60.0,47.39,2441,0.1332,7.11,4.43,82.5,79.38,1161
SYN-0535,LTO (Lithium Titanate),50.0,39.48,5937,0.0754,4.77,4.19,79.4,79.23,2830
SYN-0536,Li-ion (NMC),45.0,41.86,275,0.2044,9.14,4.03,100.0,94.3,1605
SYN-0537,Solid State,50.0,49.11,325,0.1227,5.56,4.69,93.8,97.52,3709
SYN-0538,LTO (Lithium Titanate),40.0,27.71,9995,0.075,3.63,2.58,69.9,69.68,0
SYN-0539,Li-ion (NMC),30.0,23.34,1417,0.1964,9.25,5.72,81.0,78.44,551
SYN-0540,Li-ion (NMC),60.0,57.55,345,0.1867,9.72,6.53,95.1,95.92,1735
SYN-0541,Li-ion (NMC),75.0,57.73,1497,0.1896,9.68,4.77,77.0,76.76,423
SYN-0542,Solid State,60.0,53.09,1044,0.1143,6.14,5.05,92.1,90.07,2839
SYN-0543,LTO (Lithium Titanate),60.0,46.23,6922,0.0721,4.12,2.37,75.5,77.41,2367
SYN-0544,Solid State,45.0,43.25,595,0.1066,6.39,3.65,90.8,95.56,3261
SYN-0545,Li-ion (NMC),45.0,40.07,573,0.2271,11.4,7.01,92.9,90.31,1245
SYN-0546,LTO (Lithium Titanate),60.0,43.41,8822,0.092,3.9,2.83,73.4,73.3,1066
SYN-0547,LiFePO4 (LFP),60.0,57.94,392,0.1055,5.77,4.24,95.4,96.5,2979
SYN-0548,LiFePO4 (LFP),45.0,36.16,2347,0.1518,8.23,5.6,75.8,80.92,1288
SYN-0549,Solid State,30.0,24.87,2088,0.1076,5.4,3.62,83.2,81.69,1644
SYN-0550,LiFePO4 (LFP),60.0,54.18,1099,0.1044,5.36,3.41,92.0,90.91,2327
SYN-0551,LTO (Lithium Titanate),40.0,34.43,3360,0.0568,2.94,4.11,70.6,86.37,5414
SYN-0552,Solid State,75.0,59.65,2513,0.1313,6.49,4.81,79.0,79.44,1228
SYN-0553,LTO (Lithium Titanate),50.0,43.49,5005,0.0807,4.58,2.96,86.2,85.63,4882
SYN-0554,Solid State,60.0,44.27,3525,0.1206,5.46,4.01,71.9,73.57,454
SYN-0555,LTO (Lithium Titanate),60.0,42.29,9226,0.0703,3.58,3.76,71.1,71.47,516
SYN-0556,Li-ion (NMC),40.0,32.65,1104,0.1871,9.87,6.41,77.9,82.22,780
SYN-0557,Solid State,40.0,31.26,2669,0.1061,4.46,5.25,75.9,78.14,1062
SYN-0558,Li-ion (NMC),60.0,48.81,1334,0.2166,10.82,5.31,80.8,79.81,702
SYN-0559,Li-ion (NMC),75.0,62.85,1115,0.1923,9.32,5.85,83.1,83.39,883
SYN-0560,LiFePO4 (LFP),50.0,44.75,1188,0.1466,8.05,3.6,91.7,88.73,2345
SYN-0561,LiFePO4 (LFP),75.0,65.92,1271,0.1194,6.37,3.29,85.6,89.05,2182
SYN-0562,Li-ion (NMC),50.0,42.88,967,0.2102,10.29,6.08,85.6,86.92,1144
SYN-0563,LTO (Lithium Titanate),45.0,35.79,6961,0.05,2.75,3.57,81.8,79.19,2871
SYN-0564,Li-ion (NMC),50.0,40.03,1203,0.1942,9.7,4.66,79.1,79.24,643
SYN-0565,Solid State,50.0,43.72,1304,0.0842,4.81,3.79,88.1,87.44,2520
SYN-0566,LiFePO4 (LFP),40.0,34.91,1095,0.1177,7.13,3.2,85.2,88.02,1948
SYN-0567,LiFePO4 (LFP),45.0,34.96,2413,0.1509,7.94,4.26,72.0,78.06,894
SYN-0568,LiFePO4 (LFP),40.0,30.78,2548,0.1354,6.85,4.57,73.3,75.6,701
SYN-0569,LTO (Lithium Titanate),50.0,40.19,6205,0.0709,3.03,2.75,75.5,78.85,3036
SYN-0570,LiFePO4 (LFP),60.0,41.49,3151,0.1463,7.11,3.92,68.3,69.6,0
SYN-0571,LTO (Lithium Titanate),45.0,42.37,2092,0.1203,5.7,4.55,92.7,93.24,8174
SYN-0572,LiFePO4 (LFP),30.0,27.58,716,0.1081,5.75,2.42,92.6,90.84,2499
SYN-0573,Li-ion (NMC),45.0,35.11,1374,0.2009,8.94,5.9,78.3,79.33,616
SYN-0574,LTO (Lithium Titanate),30.0,27.82,1965,0.0748,3.78,4.4,95.1,94.59,8250
SYN-0575,Solid State,50.0,39.56,2570,0.1138,5.67,4.24,76.3,78.81,1153
SYN-0576,LiFePO4 (LFP),45.0,43.32,645,0.0902,3.86,2.46,98.4,95.65,2925
SYN-0577,LTO (Lithium Titanate),75.0,66.55,3918,0.0869,3.38,4.94,91.2,88.98,5731
SYN-0578,Li-ion (NMC),75.0,57.38,1574,0.2175,11.29,6.64,79.2,76.56,432
SYN-0579,Solid State,75.0,67.54,934,0.1119,4.92,4.18,85.5,89.2,2604
SYN-0580,Li-ion (NMC),75.0,60.52,1123,0.2141,9.91,6.7,77.8,79.23,572
SYN-0581,Solid State,45.0,38.23,1735,0.1029,4.71,4.52,80.6,83.81,1905
SYN-0582,Li-ion (NMC),75.0,57.09,1560,0.1907,9.2,3.76,77.1,75.49,372
SYN-0583,Solid State,40.0,34.65,1473,0.0966,4.33,2.32,67.3,85.56,2195
SYN-0584,Li-ion (NMC),45.0,33.22,1570,0.1953,9.51,4.86,70.1,72.59,179
SYN-0585,LTO (Lithium Titanate),60.0,50.32,5110,0.1024,5.67,2.22,85.4,83.08,4546
SYN-0586,Solid State,50.0,41.1,2242,0.1158,5.91,4.1,79.2,81.11,1495
SYN-0587,Li-ion (NMC),75.0,55.38,1577,0.1917,8.8,4.89,74.0,75.0,356
SYN-0588,LiFePO4 (LFP),30.0,23.59,2532,0.1173,5.73,4.55,82.0,77.39,878
SYN-0589,Li-ion (NMC),30.0,26.37,831,0.2085,10.43,6.52,85.5,87.46,1225
SYN-0590,LTO (Lithium Titanate),50.0,44.7,3038,0.0626,2.96,4.57,89.6,90.83,6328
SYN-0591,LTO (Lithium Titanate),45.0,43.23,1118,0.0926,4.31,4.1,97.5,97.6,9717
SYN-0592,LiFePO4 (LFP),40.0,29.13,2968,0.1316,6.22,4.2,69.1,71.9,216
SYN-0593,Li-ion (NMC),75.0,72.92,267,0.2048,9.89,4.55,98.6,95.61,1636
SYN-0594,Li-ion (NMC),40.0,32.78,1228,0.1738,9.25,5.45,80.8,80.77,745
SYN-0595,LiFePO4 (LFP),60.0,57.85,679,0.1177,5.78,2.55,96.4,95.15,3028
SYN-0596,LiFePO4 (LFP),75.0,66.39,1531,0.1164,6.07,4.8,89.9,88.41,2150
SYN-0597,LTO (Lithium Titanate),40.0,35.72,3394,0.0787,4.89,3.74,90.6,87.59,5570
SYN-0598,Li-ion (NMC),75.0,66.25,666,0.1663,8.96,5.8,70.3,87.96,1234
SYN-0599,LTO (Lithium Titanate),60.0,57.45,1937,0.0853,4.1,4.15,97.6,94.36,8561
SYN-0600,Li-ion (NMC),60.0,53.37,398,0.1909,8.99,5.5,89.7,89.92,1444
SYN-0601,Li-ion (NMC),40.0,27.69,1780,0.2121,10.55,4.41,68.1,70.24,14
SYN-0602,Solid State,45.0,40.8,1210,0.1027,4.87,3.39,91.3,89.55,2778
SYN-0603,LiFePO4 (LFP),50.0,42.91,1524,0.1253,5.9,4.33,84.8,85.92,2001
SYN-0604,LTO (Lithium Titanate),60.0,42.34,10931,0.1382,7.67,4.48,72.0,69.58,0
SYN-0605,LiFePO4 (LFP),75.0,60.81,2166,0.1229,6.53,2.71,80.0,79.78,1210
SYN-0606,LTO (Lithium Titanate),75.0,62.23,4829,0.0688,3.08,2.76,87.2,84.55,4877
SYN-0607,Solid State,40.0,36.4,764,0.1122,5.68,5.15,90.1,91.44,2890
SYN-0608,Solid State,30.0,24.86,1563,0.1473,6.93,5.52,87.2,84.45,2018
SYN-0609,Solid State,40.0,30.1,2985,0.1241,5.2,4.44,74.0,74.54,580
SYN-0610,Solid State,40.0,28.5,3314,0.1217,6.09,5.08,71.1,72.43,351
SYN-0611,Li-ion (NMC),50.0,46.96,360,0.1969,8.98,4.05,95.3,93.06,1595
SYN-0612,LTO (Lithium Titanate),40.0,29.37,7820,0.0538,3.39,2.54,73.6,73.36,1150
SYN-0613,LTO (Lithium Titanate),75.0,70.07,2029,0.0776,4.17,3.3,91.9,92.11,7202
SYN-0614,Solid State,75.0,68.92,1120,0.1004,5.55,2.71,90.0,90.1,2559
SYN-0615,Solid State,40.0,34.3,1812,0.1095,6.77,2.58,85.7,85.74,1944
SYN-0616,Solid State,30.0,23.58,2757,0.1221,6.26,4.92,76.8,78.3,1027
SYN-0617,LTO (Lithium Titanate),30.0,25.0,4889,0.0694,3.65,2.2,87.9,84.4,4450
SYN-0618,Solid State,30.0,27.62,559,0.0995,5.58,4.62,93.8,93.89,3033
SYN-0619,Li-ion (NMC),30.0,28.77,237,0.1636,8.21,3.64,97.6,94.2,1468
SYN-0620,LTO (Lithium Titanate),45.0,35.09,7770,0.1114,6.46,2.72,74.7,76.83,2136
SYN-0621,Solid State,30.0,25.47,2168,0.0727,4.39,2.56,85.1,83.74,1769
SYN-0622,LTO (Lithium Titanate),30.0,25.43,5388,0.0979,5.14,4.24,81.5,83.86,4240
SYN-0623,LTO (Lithium Titanate),45.0,34.98,6825,0.078,2.95,3.24,78.0,78.12,2967
SYN-0624,Li-ion (NMC),30.0,23.9,1241,0.1977,10.07,5.29,86.2,80.62,710
SYN-0625,LTO (Lithium Titanate),45.0,38.83,4025,0.0791,3.93,4.17,87.3,84.6,4950
SYN-0626,LiFePO4 (LFP),75.0,73.93,289,0.0724,3.98,3.95,100.0,97.17,3476
SYN-0627,Li-ion (NMC),75.0,65.68,881,0.1978,10.68,4.05,89.5,88.45,1191
SYN-0628,Li-ion (NMC),45.0,34.27,1513,0.2003,10.01,6.09,76.2,74.8,302
SYN-0629,LTO (Lithium Titanate),75.0,61.84,5983,0.0677,3.74,3.12,84.0,83.17,4138
SYN-0630,LiFePO4 (LFP),45.0,35.28,1904,0.1005,5.48,2.59,79.5,79.45,1017
SYN-0631,LTO (Lithium Titanate),30.0,24.41,5701,0.0852,3.95,2.61,83.8,81.48,3830
SYN-0632,LTO (Lithium Titanate),40.0,35.55,4417,0.0617,3.11,2.97,88.1,88.22,6563
SYN-0633,Li-ion (NMC),50.0,41.59,763,0.1817,9.49,5.96,83.6,84.41,1042
SYN-0634,LTO (Lithium Titanate),40.0,29.2,9909,0.0876,4.05,2.43,73.9,71.59,561
SYN-0635,LiFePO4 (LFP),40.0,29.79,2658,0.1415,6.96,3.55,74.7,74.57,582
SYN-0636,LiFePO4 (LFP),50.0,42.1,1819,0.1505,7.3,4.18,83.6,83.1,1471
SYN-0637,LTO (Lithium Titanate),50.0,38.89,7712,0.1044,5.42,2.35,75.7,76.4,2097
SYN-0638,Li-ion (NMC),45.0,33.36,1536,0.1766,8.8,4.39,72.6,73.8,274
SYN-0639,Li-ion (NMC),30.0,25.86,823,0.1827,9.37,5.17,84.2,85.39,958
SYN-0640,LiFePO4 (LFP),60.0,48.06,2582,0.1127,6.01,2.74,80.5,80.95,1280
SYN-0641,LTO (Lithium Titanate),75.0,57.47,7141,0.0976,4.44,2.93,74.8,75.4,1944
SYN-0642,Li-ion (NMC),50.0,45.15,521,0.1696,8.22,6.36,100.0,90.26,1391
SYN-0643,Solid State,30.0,27.98,1102,0.0987,4.99,5.11,94.3,91.99,2987
SYN-0644,Li-ion (NMC),40.0,35.58,564,0.1977,9.82,6.61,90.9,88.61,1163
SYN-0645,LTO (Lithium Titanate),30.0,27.41,2264,0.0857,5.06,3.3,93.5,90.65,7221
SYN-0646,LTO (Lithium Titanate),40.0,29.44,7873,0.0759,3.91,1.93,52.9,72.63,817
SYN-0647,LiFePO4 (LFP),50.0,45.07,1003,0.092,4.28,2.65,90.3,88.7,2037
SYN-0648,LiFePO4 (LFP),75.0,56.78,2732,0.1171,5.24,3.3,73.6,74.99,539
SYN-0649,LTO (Lithium Titanate),50.0,34.42,10231,0.0882,4.62,4.89,68.9,69.33,0
SYN-0650,Solid State,60.0,53.27,1251,0.1037,5.49,2.52,88.7,87.98,2360
SYN-0651,LiFePO4 (LFP),75.0,68.48,785,0.1376,6.7,3.92,91.1,92.0,2646
SYN-0652,Solid State,40.0,29.26,3348,0.0969,4.41,5.05,74.8,74.32,576
SYN-0653,LiFePO4 (LFP),60.0,53.92,940,0.1339,7.13,3.92,92.7,91.37,2585
SYN-0654,Li-ion (NMC),50.0,47.9,158,0.1751,8.56,4.94,95.2,94.36,1526
SYN-0655,Li-ion (NMC),60.0,46.18,1435,0.181,8.42,4.4,78.7,76.72,411
SYN-0656,Solid State,45.0,41.06,974,0.0955,6.11,2.72,87.5,90.49,2584
SYN-0657,Li-ion (NMC),30.0,29.08,418,0.2223,11.24,5.39,95.9,95.56,1617
SYN-0658,Li-ion (NMC),60.0,47.16,1236,0.1897,9.96,4.61,79.1,78.86,618
SYN-0659,LiFePO4 (LFP),40.0,33.98,1393,0.1179,6.18,4.67,85.8,84.84,1661
SYN-0660,Li-ion (NMC),60.0,41.16,1842,0.2117,10.36,5.47,68.0,68.74,0
SYN-0661,LiFePO4 (LFP),40.0,32.57,2013,0.1403,7.42,4.93,76.7,81.88,1370
SYN-0662,LTO (Lithium Titanate),50.0,41.13,6388,0.105,4.81,4.86,80.1,81.51,3462
SYN-0663,LTO (Lithium Titanate),40.0,33.91,4156,0.0852,4.32,2.84,85.1,85.24,4811
SYN-0664,LiFePO4 (LFP),60.0,48.32,2114,0.1177,5.55,2.89,81.8,79.44,999
SYN-0665,LiFePO4 (LFP),45.0,37.27,2129,0.1513,7.89,5.95,76.5,81.56,1426
SYN-0666,LiFePO4 (LFP),40.0,36.27,1077,0.1155,5.42,3.03,89.5,89.52,2268
SYN-0667,Li-ion (NMC),75.0,57.29,1558,0.1924,9.52,5.31,73.4,74.99,365
SYN-0668,Solid State,30.0,22.44,3561,0.1131,4.52,2.8,75.2,75.19,727
SYN-0669,LTO (Lithium Titanate),40.0,29.92,7672,0.1024,5.12,3.55,71.7,75.91,1862
SYN-0670,Solid State,75.0,54.08,3658,0.0989,4.04,5.16,72.7,71.42,197
SYN-0671,LTO (Lithium Titanate),75.0,60.25,4952,0.0799,3.97,3.9,84.4,81.9,4043
SYN-0672,LTO (Lithium Titanate),60.0,55.17,2198,0.0768,4.59,4.42,96.5,93.04,8435
SYN-0673,Li-ion (NMC),40.0,35.38,698,0.1633,8.37,4.21,88.2,88.5,1129
SYN-0674,LiFePO4 (LFP),60.0,50.76,1541,0.1488,8.69,4.96,86.2,83.24,1443
SYN-0675,Li-ion (NMC),45.0,36.26,1339,0.2052,10.98,4.91,81.9,79.72,593
SYN-0676,Li-ion (NMC),50.0,38.14,1785,0.2104,11.12,4.41,76.0,74.95,324
SYN-0677,Li-ion (NMC),30.0,22.7,1642,0.2053,11.37,5.65,74.1,75.69,377
SYN-0678,Solid State,60.0,55.42,1184,0.1113,5.9,4.45,91.6,90.57,3012
SYN-0679,Li-ion (NMC),45.0,41.57,360,0.1742,8.92,3.97,94.6,93.68,1707
SYN-0680,LTO (Lithium Titanate),60.0,52.14,4985,0.0931,6.15,4.16,82.4,87.4,6359
SYN-0681,Li-ion (NMC),45.0,43.82,134,0.1868,9.21,4.04,100.0,99.03,2089
SYN-0682,LiFePO4 (LFP),50.0,43.89,1051,0.1165,5.03,2.76,88.8,89.28,2139
SYN-0683,Li-ion (NMC),40.0,39.16,74,0.1724,9.15,5.34,94.2,96.36,1874
SYN-0684,LTO (Lithium Titanate),45.0,30.93,9989,0.1041,5.55,4.39,71.1,69.84,0
SYN-0685,LiFePO4 (LFP),30.0,27.57,867,0.1305,6.1,4.53,90.3,91.36,2346
SYN-0686,Li-ion (NMC),75.0,56.02,1814,0.1942,9.66,6.32,75.6,74.68,303
SYN-0687,Li-ion (NMC),40.0,34.03,995,0.1792,9.38,4.8,81.5,84.04,968
SYN-0688,Li-ion (NMC),50.0,46.13,274,0.2029,8.61,6.2,95.5,94.13,1607
SYN-0689,Solid State,40.0,33.53,1959,0.1031,5.0,4.31,81.0,83.99,2013
SYN-0690,Solid State,50.0,37.79,3219,0.1146,5.61,4.12,79.6,75.38,715
SYN-0691,LiFePO4 (LFP),75.0,49.9,3617,0.1328,6.54,3.08,68.0,66.76,0
SYN-0692,LiFePO4 (LFP),45.0,33.99,2272,0.1469,7.11,5.8,79.4,76.84,746
SYN-0693,LTO (Lithium Titanate),45.0,35.21,5875,0.108,5.61,3.6,77.4,78.96,2929
SYN-0694,Solid State,40.0,31.4,2583,0.1081,5.92,3.18,76.3,77.56,1017
SYN-0695,LiFePO4 (LFP),50.0,39.46,2806,0.1364,6.8,3.29,59.6,78.06,997
SYN-0696,LiFePO4 (LFP),45.0,38.87,1408,0.1422,8.16,5.6,86.1,85.51,1839
SYN-0697,LiFePO4 (LFP),45.0,40.18,1257,0.1237,5.73,3.21,87.8,88.59,2022
SYN-0698,LTO (Lithium Titanate),45.0,38.96,3798,0.081,4.03,3.38,87.9,87.87,6193
SYN-0699,Li-ion (NMC),60.0,47.98,1169,0.1719,8.62,5.52,78.2,80.13,613
SYN-0700,LiFePO4 (LFP),30.0,25.46,1723,0.1216,6.52,4.19,81.1,83.62,1745
SYN-0701,LTO (Lithium Titanate),50.0,36.85,8230,0.1224,6.64,3.86,71.3,73.31,1047
SYN-0702,LiFePO4 (LFP),30.0,26.49,1369,0.1305,6.83,4.09,86.2,87.1,1977
SYN-0703,LTO (Lithium Titanate),40.0,35.33,3523,0.0706,3.14,2.95,86.9,89.21,6229
SYN-0704,LTO (Lithium Titanate),45.0,35.05,6816,0.095,4.75,2.65,75.7,78.45,2730
SYN-0705,LTO (Lithium Titanate),30.0,25.04,4261,0.0858,4.37,2.31,85.7,84.63,4622
SYN-0706,Li-ion (NMC),60.0,54.7,406,0.1766,9.03,6.17,97.7,92.68,1392
SYN-0707,Li-ion (NMC),60.0,48.52,1094,0.1921,8.94,5.77,77.7,80.27,733
SYN-0708,LiFePO4 (LFP),30.0,24.9,2009,0.0973,4.38,3.91,81.6,81.74,1311
SYN-0709,LTO (Lithium Titanate),50.0,44.05,2852,0.0881,4.97,3.27,92.1,88.93,6827
SYN-0710,LTO (Lithium Titanate),75.0,63.27,4572,0.0672,3.24,4.75,85.8,83.75,4169
SYN-0711,LiFePO4 (LFP),75.0,62.99,1681,0.119,5.72,4.72,86.3,83.62,1534
SYN-0712,Solid State,40.0,27.96,3657,0.1208,6.32,3.35,77.5,71.21,159
SYN-0713,Li-ion (NMC),45.0,34.16,1554,0.1986,10.09,6.66,75.1,76.33,450
SYN-0714,Li-ion (NMC),45.0,43.47,349,0.1913,9.46,6.29,90.8,95.49,1614
SYN-0715,LTO (Lithium Titanate),40.0,34.27,3735,0.0709,2.44,3.36,84.9,85.84,4891
SYN-0716,LTO (Lithium Titanate),75.0,61.24,6350,0.0799,4.48,4.84,83.0,81.53,3645
SYN-0717,LTO (Lithium Titanate),40.0,33.43,4873,0.1123,4.85,3.5,85.5,85.09,4902
SYN-0718,Li-ion (NMC),75.0,64.98,803,0.2059,9.75,5.62,83.0,85.32,1020
SYN-0719,LTO (Lithium Titanate),45.0,32.25,8925,0.0883,5.11,2.14,69.5,72.04,686
SYN-0720,Li-ion (NMC),45.0,34.05,1638,0.1927,8.86,4.67,70.9,76.69,481
SYN-0721,Solid State,75.0,63.0,1683,0.0964,4.63,3.98,82.3,84.16,1913
SYN-0722,Li-ion (NMC),50.0,44.66,625,0.2105,10.32,5.19,86.1,88.72,1229
SYN-0723,Solid State,40.0,33.3,2399,0.1002,4.6,3.79,86.3,84.04,1896
SYN-0724,LTO (Lithium Titanate),75.0,52.37,9870,0.0691,3.63,2.65,64.5,70.92,327
SYN-0725,Li-ion (NMC),60.0,48.99,1028,0.1946,9.44,5.55,83.8,83.11,862
SYN-0726,Li-ion (NMC),40.0,31.08,1374,0.2017,9.87,4.85,78.4,78.19,532
SYN-0727,LiFePO4 (LFP),30.0,24.64,2013,0.1207,4.57,3.07,85.0,83.38,1490
SYN-0728,Li-ion (NMC),60.0,47.19,1377,0.1908,9.6,6.73,76.8,78.5,542
SYN-0729,Solid State,30.0,25.01,2184,0.0999,5.2,4.73,81.2,83.42,1768
SYN-0730,Li-ion (NMC),60.0,40.27,2015,0.2098,10.75,6.61,71.4,67.56,0
SYN-0731,LTO (Lithium Titanate),45.0,36.29,5555,0.0886,3.6,3.93,84.0,79.58,3074
SYN-0732,Solid State,50.0,39.71,2320,0.1036,5.13,3.62,82.5,79.7,1226
SYN-0733,Solid State,30.0,26.61,1266,0.1247,6.28,2.86,87.3,87.17,2321
SYN-0734,Li-ion (NMC),30.0,25.54,936,0.1917,10.08,4.44,83.3,83.74,863
SYN-0735,Li-ion (NMC),45.0,31.36,1888,0.2107,10.14,4.24,67.0,68.47,0
SYN-0736,Li-ion (NMC),30.0,26.43,572,0.1642,7.96,3.37,90.6,89.69,1331
SYN-0737,LiFePO4 (LFP),60.0,42.21,3118,0.1115,5.86,4.53,68.2,71.35,160
SYN-0738,Solid State,40.0,36.13,1329,0.0942,3.67,3.14,88.7,89.17,2699
SYN-0739,Solid State,60.0,47.41,2701,0.1082,5.66,5.03,78.5,79.93,1211
SYN-0740,Solid State,60.0,50.4,1896,0.1139,5.64,4.15,84.2,85.31,2114
SYN-0741,Li-ion (NMC),30.0,21.83,1758,0.1958,9.88,4.24,73.2,72.77,174
SYN-0742,LiFePO4 (LFP),50.0,44.15,1364,0.1145,6.75,2.78,88.4,86.97,2151
SYN-0743,LTO (Lithium Titanate),50.0,41.92,5081,0.0841,3.1,3.96,84.1,82.8,4440
SYN-0744,Solid State,30.0,24.26,2868,0.0975,5.56,3.67,81.9,79.29,1205
SYN-0745,Solid State,75.0,58.78,2643,0.1144,5.26,3.58,80.3,78.01,1122
SYN-0746,LTO (Lithium Titanate),50.0,40.46,6952,0.0924,4.46,3.4,78.5,79.47,3152
SYN-0747,Solid State,50.0,45.05,999,0.0865,3.63,2.95,92.4,91.55,2928
SYN-0748,Li-ion (NMC),50.0,45.48,449,0.1958,10.26,3.83,94.5,89.95,1422
SYN-0749,LTO (Lithium Titanate),45.0,36.74,5349,0.0676,3.47,1.95,83.4,81.63,3738
SYN-0750,LiFePO4 (LFP),60.0,51.29,1296,0.1249,6.84,3.39,83.9,86.06,1725
SYN-0751,Li-ion (NMC),30.0,23.65,1107,0.19,9.53,6.45,76.2,78.19,562
SYN-0752,Li-ion (NMC),40.0,33.76,1059,0.201,8.96,5.0,91.5,83.74,922
SYN-0753,Solid State,60.0,56.77,736,0.0985,4.36,3.76,87.8,93.76,3279
SYN-0754,LiFePO4 (LFP),45.0,36.1,1932,0.1423,5.8,5.19,78.1,81.5,1223
SYN-0755,Solid State,40.0,31.66,2934,0.1061,4.84,4.02,83.7,78.86,1113
SYN-0756,LiFePO4 (LFP),30.0,22.96,2703,0.1341,6.09,2.87,72.0,75.44,668
SYN-0757,LiFePO4 (LFP),45.0,38.58,1559,0.1202,5.59,2.79,92.5,85.68,1965
SYN-0758,Solid State,60.0,53.31,1043,0.0816,3.66,4.01,92.3,88.9,2290
SYN-0759,LTO (Lithium Titanate),75.0,59.22,6505,0.0729,3.64,4.71,82.4,79.39,3436
SYN-0760,Solid State,60.0,48.17,2057,0.1304,6.93,3.38,74.0,79.88,1370
SYN-0761,Li-ion (NMC),60.0,44.84,1480,0.2125,11.28,6.17,91.7,73.59,221
SYN-0762,Li-ion (NMC),75.0,68.33,513,0.17,8.74,5.91,88.4,91.38,1428
SYN-0763,Li-ion (NMC),75.0,51.98,1985,0.1914,9.89,4.37,65.9,70.37,25
SYN-0764,LTO (Lithium Titanate),75.0,53.37,10622,0.0873,4.68,3.35,72.8,70.7,239
SYN-0765,Solid State,40.0,36.3,861,0.1158,5.67,2.99,87.7,90.28,2741
SYN-0766,Solid State,45.0,30.79,3977,0.1125,5.05,4.67,70.9,68.1,0
SYN-0767,LTO (Lithium Titanate),45.0,30.96,10943,0.0681,4.2,3.06,73.1,68.11,0
SYN-0768,Li-ion (NMC),50.0,43.72,596,0.1896,8.71,4.18,87.7,88.78,1145
SYN-0769,Li-ion (NMC),50.0,37.82,1462,0.2186,10.72,5.06,79.2,76.88,472
SYN-0770,Li-ion (NMC),40.0,37.94,326,0.1898,9.54,5.36,92.2,94.1,1578
SYN-0771,Solid State,40.0,38.41,341,0.0816,3.46,2.18,93.6,94.52,3295
SYN-0772,LTO (Lithium Titanate),50.0,38.85,7110,0.0914,5.06,5.02,78.6,78.92,2704
SYN-0773,LTO (Lithium Titanate),30.0,28.17,2272,0.0646,2.94,4.23,93.5,92.47,7656
SYN-0774,Solid State,30.0,23.33,3029,0.1339,5.61,4.96,76.9,78.71,1274
SYN-0775,LiFePO4 (LFP),40.0,34.6,1305,0.1464,6.77,4.18,83.2,84.97,1777
SYN-0776,LiFePO4 (LFP),60.0,44.24,3113,0.1194,6.24,4.01,71.9,72.79,311
SYN-0777,LiFePO4 (LFP),30.0,28.16,373,0.1363,7.56,4.18,95.6,94.31,3086
SYN-0778,Li-ion (NMC),50.0,36.03,2124,0.2131,10.89,6.66,56.5,70.76,51
SYN-0779,Solid State,60.0,47.57,2552,0.1065,5.25,4.36,60.1,78.98,1093
SYN-0780,LTO (Lithium Titanate),60.0,55.1,2666,0.0865,4.21,4.25,89.4,90.11,6630
SYN-0781,Li-ion (NMC),60.0,49.95,729,0.1608,7.98,4.89,86.2,84.79,1017
SYN-0782,LiFePO4 (LFP),60.0,56.65,632,0.1102,5.87,3.84,92.4,93.42,2526
SYN-0783,LiFePO4 (LFP),60.0,56.59,319,0.1228,6.51,5.23,98.0,94.57,2636
SYN-0784,Li-ion (NMC),50.0,35.12,1845,0.2024,10.39,4.75,72.4,71.3,94
SYN-0785,Li-ion (NMC),45.0,35.39,1264,0.2074,10.89,5.94,76.0,79.75,608
SYN-0786,Solid State,60.0,46.07,2565,0.0813,4.31,2.92,78.4,77.23,905
SYN-0787,LTO (Lithium Titanate),50.0,39.55,7638,0.0815,5.13,3.48,85.1,78.59,2618
SYN-0788,LiFePO4 (LFP),40.0,30.4,2716,0.1193,5.37,2.88,75.9,76.8,809
SYN-0789,LTO (Lithium Titanate),60.0,53.46,2542,0.0772,2.58,4.01,88.4,90.18,7170
SYN-0790,Solid State,40.0,37.49,657,0.1131,6.07,4.47,96.9,93.32,3192
SYN-0791,Solid State,40.0,30.41,2762,0.1195,5.86,5.29,75.6,75.28,707
SYN-0792,LTO (Lithium Titanate),50.0,38.43,7077,0.0792,4.07,4.38,76.9,77.13,2416
SYN-0793,LiFePO4 (LFP),40.0,30.52,2708,0.0962,5.35,3.72,79.7,77.04,749
SYN-0794,LTO (Lithium Titanate),75.0,60.55,6428,0.0883,4.5,2.35,83.9,81.11,3670
SYN-0795,Li-ion (NMC),40.0,38.39,356,0.2078,11.03,4.48,98.3,94.47,1496
SYN-0796,Li-ion (NMC),50.0,42.78,821,0.1887,9.49,5.17,84.2,86.06,972
SYN-0797,Solid State,75.0,53.77,3620,0.0911,4.61,2.21,68.7,71.15,150
SYN-0798,LTO (Lithium Titanate),75.0,65.81,2977,0.0868,4.77,4.98,88.1,88.66,6798
SYN-0799,LiFePO4 (LFP),50.0,44.13,1310,0.145,7.36,3.23,89.0,88.49,2169
SYN-0800,LTO (Lithium Titanate),45.0,39.76,3527,0.0798,4.91,3.07,85.1,87.21,5537
SYN-0801,Solid State,45.0,33.71,3508,0.0929,4.77,3.14,74.2,73.91,529
SYN-0802,LTO (Lithium Titanate),60.0,49.28,5475,0.0859,3.68,3.86,75.9,83.02,4408
SYN-0803,Solid State,45.0,34.01,2868,0.121,5.88,4.41,75.2,75.8,750
SYN-0804,LiFePO4 (LFP),60.0,45.81,2677,0.1529,7.75,3.44,76.6,76.95,758
SYN-0805,LTO (Lithium Titanate),60.0,48.67,4820,0.099,5.24,2.19,79.0,81.69,3674
SYN-0806,Solid State,50.0,43.43,1665,0.144,7.17,3.47,87.1,85.6,2030
SYN-0807,Solid State,40.0,37.34,1058,0.1021,4.98,5.0,95.7,91.66,2740
SYN-0808,LiFePO4 (LFP),75.0,65.48,1337,0.1175,5.38,5.0,88.4,86.61,1876
SYN-0809,Li-ion (NMC),75.0,60.51,1350,0.1916,9.34,4.15,79.0,79.33,560
SYN-0810,Li-ion (NMC),45.0,32.6,1706,0.2055,11.87,5.35,73.6,72.93,187
SYN-0811,Li-ion (NMC),40.0,35.65,649,0.1715,8.57,6.19,89.7,88.59,1165
SYN-0812,Solid State,45.0,32.67,3426,0.119,5.62,4.4,70.5,72.35,323
SYN-0813,Solid State,40.0,40.16,143,0.0981,5.34,3.43,100.0,99.59,4256
SYN-0814,Li-ion (NMC),60.0,48.61,1185,0.1909,9.07,6.25,86.5,82.65,798
SYN-0815,LiFePO4 (LFP),45.0,33.03,3104,0.1255,6.35,4.88,72.1,72.68,320
SYN-0816,Solid State,30.0,24.61,2512,0.1261,6.48,4.9,76.9,81.5,1504
SYN-0817,LiFePO4 (LFP),50.0,41.34,2072,0.1105,5.02,2.9,81.4,82.68,1569
SYN-0818,LiFePO4 (LFP),45.0,39.47,1154,0.1392,7.68,3.24,86.2,88.63,2230
SYN-0819,Solid State,45.0,32.99,3550,0.1001,5.12,4.54,69.0,72.88,356
SYN-0820,LTO (Lithium Titanate),75.0,66.07,3562,0.0553,3.0,4.05,86.4,86.41,5545
SYN-0821,LiFePO4 (LFP),50.0,42.25,1600,0.1498,7.59,4.12,82.2,83.29,1399
SYN-0822,LiFePO4 (LFP),45.0,34.5,2330,0.1149,5.29,3.31,78.8,77.24,853
SYN-0823,LiFePO4 (LFP),40.0,29.1,2609,0.1123,4.18,3.75,71.1,71.45,182
SYN-0824,Li-ion (NMC),45.0,42.31,386,0.1838,9.3,5.44,94.5,94.06,1578
SYN-0825,Solid State,30.0,22.43,3199,0.1245,5.65,2.83,75.8,74.28,570
SYN-0826,Solid State,60.0,44.76,3222,0.088,4.99,3.12,74.6,74.16,587
SYN-0827,Solid State,75.0,72.75,205,0.0987,5.16,4.76,97.5,97.67,3891
SYN-0828,LTO (Lithium Titanate),75.0,69.94,1141,0.1078,5.14,2.72,93.1,93.74,7575
SYN-0829,Solid State,45.0,31.99,3973,0.1135,5.7,3.07,67.9,70.52,65
SYN-0830,LTO (Lithium Titanate),50.0,47.13,1352,0.0889,4.39,4.93,92.4,94.07,8425
SYN-0831,Li-ion (NMC),60.0,54.68,644,0.1739,8.02,4.81,88.3,89.77,1197
SYN-0832,Solid State,75.0,53.98,3747,0.1073,4.85,5.15,74.5,71.8,228
SYN-0833,LTO (Lithium Titanate),30.0,27.58,1860,0.0772,4.45,3.55,89.4,93.24,7987
SYN-0834,LTO (Lithium Titanate),30.0,26.57,4094,0.0579,3.06,4.55,84.8,86.99,5500
SYN-0835,LTO (Lithium Titanate),60.0,53.26,2880,0.092,5.39,3.67,91.4,87.69,5854
SYN-0836,Li-ion (NMC),45.0,35.13,1452,0.201,10.66,5.39,75.1,77.94,526
SYN-0837,LiFePO4 (LFP),50.0,44.36,1058,0.1093,6.06,2.9,70.2,89.79,2137
SYN-0838,LiFePO4 (LFP),45.0,30.33,3581,0.148,7.8,4.82,68.4,68.34,0
SYN-0839,Li-ion (NMC),30.0,27.9,401,0.1886,9.39,6.1,91.7,94.27,1587
SYN-0840,LTO (Lithium Titanate),30.0,28.9,1120,0.0802,4.4,3.34,98.5,96.49,8527
SYN-0841,Li-ion (NMC),60.0,57.79,163,0.1925,9.24,5.71,94.1,96.0,1880
SYN-0842,LTO (Lithium Titanate),30.0,26.78,3414,0.0735,3.95,2.28,87.6,87.84,5985
SYN-0843,Solid State,30.0,26.35,1677,0.1177,5.49,5.33,90.2,86.59,2211
SYN-0844,Solid State,50.0,35.7,3906,0.1109,4.72,4.05,68.2,72.55,322
SYN-0845,LTO (Lithium Titanate),50.0,41.93,5400,0.0646,3.65,2.22,85.1,82.8,4081
SYN-0846,LiFePO4 (LFP),75.0,61.01,1883,0.0954,4.86,5.24,82.3,81.72,1366
SYN-0847,LTO (Lithium Titanate),75.0,58.41,6977,0.0739,4.02,2.98,79.9,78.57,3018
SYN-0848,LiFePO4 (LFP),60.0,47.29,2020,0.1262,5.69,5.15,80.6,80.2,1231
SYN-0849,Solid State,40.0,31.75,2563,0.0933,5.26,3.51,78.5,79.66,1363
SYN-0850,LTO (Lithium Titanate),30.0,29.31,861,0.1081,4.86,5.14,100.0,96.85,8304
SYN-0851,LiFePO4 (LFP),40.0,31.63,2493,0.1052,4.63,4.65,79.1,80.35,1153
SYN-0852,LTO (Lithium Titanate),45.0,32.07,8589,0.103,5.33,4.68,73.4,72.56,853
SYN-0853,LTO (Lithium Titanate),50.0,43.44,3801,0.0834,4.31,4.3,88.1,85.68,5559
SYN-0854,LiFePO4 (LFP),30.0,26.98,840,0.1323,6.8,4.4,89.2,90.83,2500
SYN-0855,Solid State,40.0,34.68,1435,0.1136,6.13,4.96,86.1,86.31,2019
SYN-0856,LTO (Lithium Titanate),45.0,37.47,4862,0.0668,3.28,2.16,84.1,83.98,4943
SYN-0857,LiFePO4 (LFP),75.0,63.38,1706,0.1371,6.72,2.95,82.6,83.0,1642
SYN-0858,Li-ion (NMC),30.0,23.11,1405,0.2313,12.05,4.81,78.2,76.0,409
SYN-0859,Li-ion (NMC),75.0,63.29,946,0.1939,9.46,5.04,84.1,83.34,886
SYN-0860,LiFePO4 (LFP),50.0,40.48,1897,0.1438,7.88,4.11,82.4,80.19,1108
SYN-0861,LTO (Lithium Titanate),45.0,37.31,5375,0.0785,4.38,1.95,81.3,81.5,3789
SYN-0862,Li-ion (NMC),50.0,38.0,1382,0.2182,10.65,6.04,79.7,77.48,509
SYN-0863,Li-ion (NMC),50.0,41.5,1000,0.2038,10.57,4.04,81.5,81.95,760
SYN-0864,Solid State,50.0,40.3,2695,0.0794,4.01,2.35,78.9,79.18,1183
SYN-0865,Solid State,75.0,65.24,1320,0.0965,5.7,3.38,88.9,88.35,2370
SYN-0866,Li-ion (NMC),40.0,32.86,1076,0.2165,11.48,6.25,80.9,80.87,724
SYN-0867,LTO (Lithium Titanate),60.0,47.11,5997,0.071,2.85,3.64,78.7,79.45,2975
SYN-0868,Li-ion (NMC),45.0,36.21,1236,0.1817,9.43,5.57,100.0,81.66,838
SYN-0869,Solid State,50.0,42.52,1686,0.1111,5.19,5.11,83.4,85.93,1956
SYN-0870,Li-ion (NMC),75.0,67.41,590,0.2068,10.44,4.18,92.1,89.56,1431
SYN-0871,Solid State,30.0,24.37,2428,0.1132,6.41,4.81,82.2,79.89,1277
SYN-0872,Li-ion (NMC),75.0,54.96,1744,0.2099,10.32,5.31,70.0,73.39,227
SYN-0873,Li-ion (NMC),60.0,49.06,1024,0.1889,10.29,4.66,65.5,83.34,963
SYN-0874,Solid State,75.0,57.88,2733,0.1007,5.26,3.89,70.1,77.46,1031
SYN-0875,Solid State,50.0,37.44,3180,0.1217,6.46,4.74,77.7,75.89,835
SYN-0876,LTO (Lithium Titanate),30.0,26.93,2820,0.0746,3.04,2.47,89.6,88.54,6145
SYN-0877,Li-ion (NMC),30.0,22.82,1272,0.2267,10.95,5.4,76.6,77.13,460
SYN-0878,LTO (Lithium Titanate),75.0,57.47,8189,0.1093,5.8,4.71,75.8,77.56,2703
SYN-0879,Li-ion (NMC),45.0,33.86,1618,0.2113,10.72,5.01,76.1,73.91,273
SYN-0880,LTO (Lithium Titanate),60.0,44.72,8577,0.0658,3.91,4.24,78.8,74.95,1602
SYN-0881,Solid State,50.0,38.38,3408,0.1101,5.53,4.39,77.2,75.36,692
SYN-0882,Li-ion (NMC),40.0,32.5,1233,0.2041,9.71,5.9,76.3,80.78,765
SYN-0883,LiFePO4 (LFP),30.0,23.42,2677,0.1347,6.7,4.77,79.7,77.1,814
SYN-0884,LiFePO4 (LFP),40.0,32.34,2009,0.1497,7.76,3.68,79.7,79.74,1082
SYN-0885,LTO (Lithium Titanate),75.0,57.28,7349,0.066,3.56,2.18,80.6,77.5,2508
SYN-0886,LiFePO4 (LFP),40.0,29.53,3092,0.1608,8.23,4.34,57.9,72.6,279
SYN-0887,Li-ion (NMC),40.0,30.48,1438,0.1997,9.91,4.4,73.2,76.19,423
SYN-0888,LTO (Lithium Titanate),60.0,48.2,6500,0.0869,5.09,4.14,82.4,80.79,3338
SYN-0889,LTO (Lithium Titanate),75.0,65.6,3611,0.0612,2.69,2.04,85.1,86.49,5860
SYN-0890,LiFePO4 (LFP),45.0,30.86,3459,0.1491,7.99,3.61,66.1,69.53,0
SYN-0891,LiFePO4 (LFP),60.0,42.02,3206,0.1572,7.3,4.45,73.6,70.83,94
SYN-0892,LiFePO4 (LFP),75.0,73.92,205,0.1141,5.36,5.21,97.1,97.18,3208
SYN-0893,LTO (Lithium Titanate),75.0,64.09,4978,0.0916,4.4,3.54,83.3,85.11,4815
SYN-0894,LTO (Lithium Titanate),45.0,34.67,7284,0.0715,3.07,2.16,76.8,77.46,2348
SYN-0895,LiFePO4 (LFP),30.0,22.2,2942,0.1444,7.58,4.67,72.8,73.67,437
SYN-0896,LiFePO4 (LFP),50.0,42.36,1362,0.1036,4.83,3.98,80.7,84.42,1682
SYN-0897,Solid State,75.0,62.35,2224,0.1031,4.49,3.31,100.0,82.86,1576
SYN-0898,Solid State,30.0,26.49,1080,0.1077,5.26,4.53,89.0,88.75,2374
SYN-0899,LTO (Lithium Titanate),45.0,34.65,6942,0.0909,4.71,3.59,76.4,75.63,1776
SYN-0900,LTO (Lithium Titanate),75.0,59.23,6255,0.0737,3.1,2.09,80.5,78.25,2880
SYN-0901,Li-ion (NMC),50.0,45.81,368,0.184,9.26,5.1,96.0,92.08,1569
SYN-0902,Solid State,30.0,22.88,3543,0.1183,7.6,2.62,77.4,76.48,922
SYN-0903,Li-ion (NMC),60.0,48.58,1139,0.2092,10.96,6.09,77.7,81.87,779
SYN-0904,LiFePO4 (LFP),60.0,54.64,779,0.096,4.5,3.19,87.2,91.34,2331
SYN-0905,Li-ion (NMC),45.0,32.09,1847,0.2161,10.84,5.32,73.5,71.52,99
SYN-0906,Solid State,50.0,45.58,841,0.1003,5.04,2.7,93.3,92.01,3154
SYN-0907,Li-ion (NMC),75.0,62.61,978,0.2014,10.1,4.07,79.7,83.81,963
SYN-0908,LiFePO4 (LFP),50.0,42.07,1663,0.1288,6.84,4.3,85.7,84.96,1625
SYN-0909,LiFePO4 (LFP),50.0,38.63,2627,0.1131,5.21,2.56,77.6,77.22,880
SYN-0910,LiFePO4 (LFP),60.0,53.25,1231,0.1243,7.42,4.83,88.5,87.61,2082
SYN-0911,LTO (Lithium Titanate),40.0,35.94,3957,0.0919,4.37,3.23,100.0,88.41,6006
SYN-0912,Solid State,30.0,28.14,547,0.0874,4.5,4.63,92.6,93.42,2910
SYN-0913,Li-ion (NMC),45.0,40.31,491,0.1697,7.6,4.8,88.4,89.49,1326
SYN-0914,Solid State,30.0,25.7,1603,0.0999,4.85,3.45,84.8,86.62,2379
SYN-0915,Li-ion (NMC),60.0,52.85,711,0.1697,7.84,3.82,89.8,88.13,1116
SYN-0916,Solid State,45.0,34.84,2709,0.115,5.06,4.53,75.6,78.03,1011
SYN-0917,LiFePO4 (LFP),45.0,40.36,1214,0.133,6.35,2.93,89.5,88.03,2099
SYN-0918,LTO (Lithium Titanate),30.0,23.7,6531,0.063,3.08,1.84,75.6,79.05,2875
SYN-0919,Solid State,40.0,34.34,1728,0.0875,4.57,2.15,81.8,85.03,2127
SYN-0920,Li-ion (NMC),60.0,50.5,1169,0.1996,9.77,6.27,81.2,82.74,906
SYN-0921,Li-ion (NMC),60.0,45.29,1567,0.2012,9.63,4.51,73.0,75.8,404
SYN-0922,LiFePO4 (LFP),60.0,42.69,3637,0.1434,6.87,3.56,71.5,70.71,85
SYN-0923,Li-ion (NMC),50.0,43.01,1006,0.17,7.9,4.03,84.5,85.01,968
SYN-0924,LiFePO4 (LFP),75.0,50.98,3457,0.151,7.83,4.57,50.7,67.88,0
SYN-0925,Li-ion (NMC),75.0,58.28,1338,0.1965,9.25,5.88,79.9,79.23,554
SYN-0926,LTO (Lithium Titanate),30.0,27.2,1670,0.0712,3.7,2.04,92.1,92.24,6749
SYN-0927,LTO (Lithium Titanate),30.0,24.15,4955,0.0698,3.81,3.28,79.2,81.44,4175
SYN-0928,LTO (Lithium Titanate),30.0,21.74,8156,0.1051,5.65,3.52,65.0,71.19,427
SYN-0929,LiFePO4 (LFP),50.0,41.5,1948,0.1503,7.07,3.47,82.5,82.33,1371
SYN-0930,LiFePO4 (LFP),60.0,47.64,2235,0.1305,6.76,5.09,77.7,78.47,1024
SYN-0931,LTO (Lithium Titanate),50.0,42.17,4466,0.078,3.8,2.64,87.2,85.45,5472
SYN-0932,LiFePO4 (LFP),30.0,23.51,2205,0.154,8.2,5.87,60.4,78.37,1040
SYN-0933,Li-ion (NMC),60.0,48.2,1307,0.1969,9.61,4.99,76.8,80.14,617
SYN-0934,LTO (Lithium Titanate),75.0,50.91,10618,0.0869,4.07,4.17,67.9,66.8,0
SYN-0935,LiFePO4 (LFP),50.0,44.76,1054,0.109,5.21,3.12,94.5,88.94,2115
SYN-0936,Li-ion (NMC),75.0,65.75,666,0.1878,9.49,4.89,87.1,88.53,1302
SYN-0937,LTO (Lithium Titanate),50.0,47.3,1356,0.0854,4.41,3.88,99.6,95.84,9315
SYN-0938,Solid State,75.0,71.16,234,0.1125,5.02,4.17,96.3,96.34,3725
SYN-0939,Li-ion (NMC),45.0,32.43,1768,0.2071,10.82,6.33,73.8,73.01,199
SYN-0940,Solid State,40.0,32.33,2498,0.1041,6.09,3.03,77.8,79.52,1319
SYN-0941,LiFePO4 (LFP),40.0,32.16,1977,0.0883,4.61,4.15,81.9,79.46,1177
SYN-0942,Li-ion (NMC),40.0,28.7,1990,0.2134,10.85,5.03,72.5,70.99,62
SYN-0943,Solid State,50.0,40.24,2602,0.1253,6.45,5.17,64.2,79.12,1231
SYN-0944,Li-ion (NMC),60.0,44.09,1740,0.1774,8.18,5.22,72.7,73.26,228
SYN-0945,LiFePO4 (LFP),45.0,38.32,1581,0.1289,6.6,3.81,81.3,85.46,1869
SYN-0946,LTO (Lithium Titanate),40.0,34.49,4354,0.0807,4.36,4.49,85.1,85.61,5001
SYN-0947,LiFePO4 (LFP),45.0,40.19,1028,0.1013,4.59,2.76,87.2,90.21,2305
SYN-0948,Li-ion (NMC),60.0,53.15,487,0.1917,9.51,4.69,93.5,89.96,1314
SYN-0949,LiFePO4 (LFP),50.0,35.29,3583,0.1391,6.84,5.63,69.2,69.34,0
SYN-0950,Li-ion (NMC),75.0,61.59,1168,0.2083,9.99,4.54,79.7,81.22,808
SYN-0951,Solid State,40.0,37.99,1134,0.0988,4.47,2.83,93.4,94.13,3250
SYN-0952,Solid State,60.0,54.88,935,0.1125,5.34,3.6,88.7,90.71,2579
SYN-0953,Li-ion (NMC),45.0,41.09,612,0.2128,11.19,5.81,91.3,90.74,1249
SYN-0954,LTO (Lithium Titanate),75.0,54.74,8284,0.0891,4.95,4.7,73.5,72.91,886
SYN-0955,LTO (Lithium Titanate),75.0,62.35,6568,0.0874,3.22,2.47,80.4,81.88,4094
SYN-0956,Li-ion (NMC),75.0,60.0,1490,0.1992,9.65,5.04,79.9,79.14,659
SYN-0957,Li-ion (NMC),45.0,31.31,1915,0.217,10.21,5.73,71.0,68.81,0
SYN-0958,Solid State,75.0,55.07,3523,0.1201,6.43,2.76,77.8,74.19,575
SYN-0959,Li-ion (NMC),75.0,69.04,298,0.1694,8.26,3.63,92.0,93.5,1493
SYN-0960,LTO (Lithium Titanate),40.0,30.29,7932,0.0648,3.42,3.92,82.3,76.57,2300
SYN-0961,LiFePO4 (LFP),50.0,41.79,1597,0.1109,6.2,4.12,58.9,82.69,1504
SYN-0962,Solid State,60.0,53.37,1495,0.1395,7.73,5.17,85.7,88.32,2303
SYN-0963,Solid State,75.0,71.69,491,0.1028,4.78,2.8,91.2,95.14,3568
SYN-0964,LiFePO4 (LFP),45.0,36.91,2170,0.1019,4.91,3.9,79.4,80.9,1189
SYN-0965,LiFePO4 (LFP),60.0,51.69,1746,0.1371,7.05,3.13,100.0,85.99,1975
SYN-0966,LiFePO4 (LFP),45.0,33.26,3242,0.1378,6.33,5.63,75.7,72.52,267
SYN-0967,Solid State,50.0,41.42,2376,0.092,4.16,2.53,87.2,82.8,1763
SYN-0968,Solid State,75.0,55.54,3194,0.0874,3.83,2.71,93.1,73.63,480
SYN-0969,LiFePO4 (LFP),40.0,30.26,2582,0.1326,6.84,4.12,76.2,76.89,773
SYN-0970,LTO (Lithium Titanate),30.0,25.26,4592,0.0564,2.28,3.1,89.6,85.17,5385
SYN-0971,Solid State,50.0,41.92,2097,0.1029,4.22,3.5,84.9,83.56,1899
SYN-0972,Li-ion (NMC),40.0,34.95,825,0.1782,8.43,3.73,85.3,86.96,1230
SYN-0973,Solid State,75.0,60.94,1895,0.1049,5.24,2.72,81.2,82.51,1606
SYN-0974,LTO (Lithium Titanate),60.0,46.95,6586,0.0999,4.93,3.92,61.1,78.02,2522
SYN-0975,LTO (Lithium Titanate),45.0,34.14,7019,0.0708,3.6,2.24,81.5,77.36,2633
SYN-0976,Li-ion (NMC),45.0,34.18,1328,0.2056,9.98,4.63,76.0,76.11,428
SYN-0977,Li-ion (NMC),75.0,59.4,1247,0.1897,9.03,6.66,84.8,79.46,646
SYN-0978,Solid State,40.0,37.43,725,0.0898,4.51,3.47,93.2,93.3,3275
SYN-0979,LTO (Lithium Titanate),60.0,50.04,3919,0.104,4.92,4.09,82.7,84.95,5080
SYN-0980,LiFePO4 (LFP),60.0,48.39,2058,0.1257,6.35,5.26,63.1,81.95,1462
SYN-0981,Li-ion (NMC),45.0,34.85,1428,0.1977,10.06,4.66,78.3,77.35,464
SYN-0982,LiFePO4 (LFP),75.0,58.03,2199,0.1081,4.44,3.91,79.4,78.86,1000
SYN-0983,Li-ion (NMC),45.0,36.43,1185,0.1996,9.47,5.18,79.4,80.31,711
SYN-0984,Li-ion (NMC),60.0,46.13,1279,0.2208,10.47,6.16,78.5,77.09,464
SYN-0985,LTO (Lithium Titanate),45.0,34.64,7003,0.0746,3.81,3.53,75.5,77.44,2699
SYN-0986,LiFePO4 (LFP),60.0,43.24,3200,0.1264,7.78,3.0,73.5,72.52,322
SYN-0987,LTO (Lithium Titanate),50.0,41.79,4297,0.0894,5.1,3.66,82.1,83.24,4720
SYN-0988,Solid State,75.0,57.8,3437,0.1258,7.59,4.99,98.5,77.08,878
SYN-0989,Solid State,60.0,50.81,1802,0.1097,4.88,4.22,85.5,83.18,1913
SYN-0990,LTO (Lithium Titanate),75.0,66.07,2964,0.0819,4.24,4.69,87.6,86.79,5918
SYN-0991,LiFePO4 (LFP),60.0,44.72,2742,0.1338,6.62,4.19,76.7,75.88,733
SYN-0992,Li-ion (NMC),30.0,29.25,65,0.1765,9.45,4.18,97.6,98.56,2009
SYN-0993,Li-ion (NMC),40.0,32.94,1350,0.2055,9.85,4.93,84.8,81.04,736
SYN-0994,Li-ion (NMC),60.0,52.42,588,0.2145,10.03,6.27,87.3,86.99,1231
SYN-0995,LiFePO4 (LFP),50.0,43.27,1222,0.142,6.67,5.1,84.3,88.09,2159
SYN-0996,LiFePO4 (LFP),40.0,28.82,3531,0.1396,6.89,5.58,72.6,71.33,167
SYN-0997,Solid State,40.0,33.27,1986,0.1168,5.52,2.91,83.3,84.67,1920
SYN-0998,LiFePO4 (LFP),75.0,55.16,3201,0.1361,6.5,5.29,70.4,73.58,416
SYN-0999,Solid State,60.0,51.24,1707,0.0991,4.92,2.81,84.7,84.74,1821
SYN-1000,LiFePO4 (LFP),40.0,33.71,1666,0.116,6.69,4.06,82.9,83.83,1728
SYN-1001,LiFePO4 (LFP),50.0,45.7,1453,0.1098,5.42,3.59,89.4,89.73,2468
SYN-1002,LiFePO4 (LFP),75.0,56.76,2290,0.1469,7.38,4.02,58.5,77.01,886
SYN-1003,LiFePO4 (LFP),40.0,33.31,2113,0.1096,5.24,2.79,82.8,82.67,1616
SYN-1004,LiFePO4 (LFP),45.0,36.71,2143,0.1099,5.57,3.68,84.0,81.1,1376
SYN-1005,Li-ion (NMC),30.0,23.64,1211,0.2079,10.23,4.38,79.7,79.71,655
SYN-1006,LTO (Lithium Titanate),30.0,29.39,732,0.0818,3.73,2.77,100.0,97.96,8758
SYN-1007,LiFePO4 (LFP),40.0,33.84,1914,0.1221,6.32,4.51,78.8,83.64,1685
SYN-1008,Solid State,45.0,38.83,1655,0.0724,4.91,2.03,87.5,85.56,1946
SYN-1009,LTO (Lithium Titanate),40.0,35.67,2310,0.0844,4.87,4.3,87.9,90.12,6866
SYN-1010,Li-ion (NMC),30.0,22.75,1697,0.1993,9.23,4.93,75.1,75.21,361
SYN-1011,Solid State,40.0,38.04,1127,0.0789,4.11,2.37,91.9,93.95,3165
SYN-1012,Solid State,30.0,26.37,1357,0.1299,7.05,5.26,89.7,87.93,2296
SYN-1013,LiFePO4 (LFP),40.0,34.61,1152,0.1618,7.03,6.08,85.4,86.38,1769
SYN-1014,LTO (Lithium Titanate),50.0,42.67,5009,0.0797,3.6,4.4,81.7,83.77,4163
SYN-1015,Solid State,50.0,36.8,3717,0.1024,5.25,2.33,74.6,72.95,423
SYN-1016,Li-ion (NMC),45.0,41.3,507,0.1838,9.85,4.75,95.4,91.28,1362
SYN-1017,Li-ion (NMC),40.0,32.94,1140,0.1795,9.06,3.75,84.9,83.43,954
SYN-1018,LiFePO4 (LFP),75.0,60.83,2053,0.1203,5.39,5.39,82.0,80.76,1319
SYN-1019,LiFePO4 (LFP),40.0,37.31,687,0.1434,6.65,5.03,92.9,91.77,2556
SYN-1020,LiFePO4 (LFP),50.0,38.19,2494,0.1328,7.8,3.61,74.2,75.83,727
SYN-1021,LiFePO4 (LFP),50.0,40.34,2181,0.1453,6.82,5.45,83.4,80.42,1269
SYN-1022,Li-ion (NMC),45.0,33.15,1741,0.2151,11.69,6.59,71.2,72.81,178
SYN-1023,LTO (Lithium Titanate),40.0,35.96,2482,0.0632,3.08,2.32,91.0,88.71,5825
SYN-1024,LiFePO4 (LFP),40.0,35.76,725,0.1139,6.12,5.37,94.2,90.99,2350
SYN-1025,Solid State,40.0,28.33,4024,0.1038,4.69,5.2,74.1,72.23,312
SYN-1026,LTO (Lithium Titanate),45.0,40.53,2715,0.0865,4.07,4.75,90.3,88.7,6542
SYN-1027,LiFePO4 (LFP),30.0,22.41,2893,0.1275,6.38,5.29,75.1,73.58,387
SYN-1028,LiFePO4 (LFP),60.0,44.82,3119,0.1221,5.93,3.2,70.7,73.27,413
SYN-1029,LTO (Lithium Titanate),50.0,42.83,4566,0.0824,4.04,2.84,83.9,85.64,5097
SYN-1030,Solid State,30.0,23.24,2519,0.0942,4.85,2.95,78.9,78.49,1135
SYN-1031,LiFePO4 (LFP),40.0,31.45,2139,0.1306,7.65,3.37,72.2,78.31,1058
SYN-1032,Solid State,45.0,37.26,2281,0.0851,4.69,3.77,83.3,83.26,1741
SYN-1033,Li-ion (NMC),30.0,25.5,979,0.2248,10.23,5.52,85.5,83.73,960
SYN-1034,LiFePO4 (LFP),30.0,24.86,1731,0.1279,7.47,4.56,85.4,83.79,1469
SYN-1035,Solid State,45.0,35.1,2970,0.1373,7.22,3.43,78.3,77.76,961
SYN-1036,LTO (Lithium Titanate),40.0,34.81,4495,0.0871,4.7,3.88,84.5,87.31,5726
SYN-1037,Li-ion (NMC),60.0,43.04,1977,0.2006,9.71,4.7,69.1,70.46,27
SYN-1038,Solid State,60.0,57.39,692,0.1078,4.4,5.16,95.9,94.21,2917
SYN-1039,LiFePO4 (LFP),50.0,40.83,2605,0.1311,5.85,3.51,81.3,80.16,1202
SYN-1040,Li-ion (NMC),45.0,36.92,1221,0.193,9.52,6.55,86.6,81.73,738
SYN-1041,Solid State,45.0,38.19,2037,0.1056,5.22,3.67,82.4,83.91,1784
SYN-1042,Li-ion (NMC),40.0,28.62,1750,0.2146,10.66,5.55,92.3,71.85,126
SYN-1043,LiFePO4 (LFP),75.0,60.24,2325,0.125,5.21,3.4,82.1,79.11,1054
SYN-1044,Li-ion (NMC),75.0,69.39,363,0.2041,9.84,5.13,94.2,93.02,1490
SYN-1045,LiFePO4 (LFP),30.0,25.14,1721,0.1467,7.67,4.33,82.3,84.11,1735
SYN-1046,Solid State,75.0,55.44,3142,0.0966,4.72,2.29,74.3,75.11,745
SYN-1047,Solid State,75.0,62.58,2064,0.1024,5.93,3.51,80.6,82.14,1698
SYN-1048,Solid State,60.0,57.97,312,0.1067,5.04,3.17,80.9,96.63,3591
SYN-1049,Li-ion (NMC),75.0,60.99,1207,0.1975,11.02,4.16,80.9,80.2,675
SYN-1050,Li-ion (NMC),75.0,60.34,1176,0.2055,10.61,6.19,78.7,79.81,654
SYN-1051,Solid State,75.0,65.88,921,0.1244,6.5,2.96,88.6,88.06,2315
SYN-1052,LiFePO4 (LFP),75.0,53.8,3058,0.097,5.15,2.87,69.3,73.14,344
SYN-1053,Li-ion (NMC),50.0,44.17,625,0.1832,9.01,5.83,94.2,88.9,1215
SYN-1054,LTO (Lithium Titanate),40.0,28.08,10420,0.0831,4.34,2.75,67.7,69.6,0
SYN-1055,LTO (Lithium Titanate),30.0,26.25,3546,0.095,5.13,3.21,87.1,88.82,6470
SYN-1056,Li-ion (NMC),40.0,29.69,1713,0.1968,9.6,5.33,74.3,74.9,296
SYN-1057,LTO (Lithium Titanate),30.0,23.7,5665,0.075,3.07,3.77,84.4,80.41,3224
SYN-1058,LiFePO4 (LFP),60.0,51.62,1569,0.0895,4.92,2.5,83.7,85.71,1907
SYN-1059,Li-ion (NMC),30.0,24.36,1116,0.182,9.34,6.25,81.3,80.05,623
SYN-1060,LTO (Lithium Titanate),50.0,36.67,8733,0.0817,3.94,3.39,73.6,74.79,1582
SYN-1061,Li-ion (NMC),30.0,27.93,252,0.1916,9.09,4.16,98.1,94.83,1613
SYN-1062,Li-ion (NMC),30.0,24.89,977,0.2232,11.75,4.21,79.1,82.04,873
SYN-1063,Li-ion (NMC),50.0,39.22,1515,0.2061,9.37,6.54,73.4,78.11,521
SYN-1064,LTO (Lithium Titanate),75.0,62.22,4589,0.0795,3.35,2.87,83.2,84.63,4976
SYN-1065,LTO (Lithium Titanate),45.0,37.11,5565,0.0812,4.74,4.59,84.2,82.56,4208
SYN-1066,LTO (Lithium Titanate),75.0,65.31,3772,0.0981,5.19,4.95,87.4,87.39,5442
SYN-1067,LTO (Lithium Titanate),30.0,24.63,4563,0.1128,6.04,3.61,75.0,82.84,3982
SYN-1068,LTO (Lithium Titanate),30.0,22.45,7520,0.0922,3.54,3.86,76.4,75.21,1707
SYN-1069,Solid State,50.0,38.35,3295,0.0741,3.43,2.92,75.1,75.48,660
SYN-1070,Li-ion (NMC),30.0,25.89,890,0.1777,9.71,6.39,82.4,85.84,1052
SYN-1071,Li-ion (NMC),45.0,38.26,867,0.1977,9.66,4.92,89.3,85.19,1052
SYN-1072,LTO (Lithium Titanate),30.0,26.14,4318,0.075,4.75,3.44,86.2,86.88,6013
SYN-1073,Li-ion (NMC),60.0,46.62,1323,0.1773,8.67,4.91,74.5,79.04,614
SYN-1074,Solid State,60.0,55.48,516,0.0834,5.31,3.96,97.1,92.33,2992
SYN-1075,LTO (Lithium Titanate),60.0,49.77,4923,0.0863,4.84,4.01,89.5,83.77,4845
SYN-1076,LiFePO4 (LFP),40.0,38.02,618,0.1281,5.83,2.71,95.4,94.15,2714
SYN-1077,LiFePO4 (LFP),50.0,36.47,3446,0.1489,7.44,3.69,72.9,72.2,234
SYN-1078,Li-ion (NMC),50.0,36.0,1653,0.2049,10.76,6.84,69.4,71.73,115
SYN-1079,LTO (Lithium Titanate),45.0,33.13,8011,0.0767,3.89,3.04,71.8,74.79,1486
SYN-1080,LiFePO4 (LFP),30.0,21.35,3530,0.1287,7.25,5.54,68.3,70.0,0
SYN-1081,LiFePO4 (LFP),40.0,29.94,2777,0.1382,6.38,3.06,74.1,74.08,439
SYN-1082,LTO (Lithium Titanate),45.0,40.49,2261,0.1036,4.85,3.36,74.7,90.77,6530
SYN-1083,LiFePO4 (LFP),60.0,43.38,2959,0.1601,7.88,5.93,70.0,72.88,364
SYN-1084,LiFePO4 (LFP),40.0,33.72,1871,0.1348,7.11,2.81,79.7,83.4,1654
SYN-1085,LiFePO4 (LFP),30.0,25.89,1307,0.1106,6.4,5.38,86.8,87.86,2112
SYN-1086,LiFePO4 (LFP),75.0,60.04,2250,0.1494,6.82,5.24,82.2,79.67,1233
SYN-1087,Li-ion (NMC),60.0,50.17,943,0.1965,9.21,5.18,100.0,84.08,1003
SYN-1088,Li-ion (NMC),75.0,65.49,996,0.1778,8.24,4.39,83.8,86.42,1020
SYN-1089,Li-ion (NMC),30.0,27.89,259,0.1879,10.04,5.06,95.3,92.97,1406
SYN-1090,Solid State,30.0,24.18,2285,0.1168,5.5,5.27,79.3,80.92,1312
SYN-1091,LiFePO4 (LFP),40.0,35.94,1078,0.1114,5.64,3.91,93.6,90.01,2481
SYN-1092,Solid State,40.0,37.79,694,0.1173,5.11,4.51,97.4,93.82,3264
SYN-1093,Li-ion (NMC),40.0,30.5,1450,0.201,9.66,4.61,76.7,76.69,411
SYN-1094,Solid State,50.0,37.41,3308,0.0998,4.99,5.22,75.9,75.14,655
SYN-1095,LTO (Lithium Titanate),30.0,21.94,8673,0.0702,4.44,3.38,71.0,74.26,1348
SYN-1096,Li-ion (NMC),75.0,67.97,566,0.1719,8.6,4.02,86.2,89.34,1224
SYN-1097,LiFePO4 (LFP),40.0,37.02,814,0.1161,6.1,4.81,93.9,91.24,2412
SYN-1098,LTO (Lithium Titanate),75.0,60.26,5691,0.0886,4.2,2.9,84.1,80.25,3185
SYN-1099,LiFePO4 (LFP),40.0,34.59,1316,0.1151,5.61,5.46,88.9,86.36,1809
SYN-1100,LiFePO4 (LFP),40.0,31.58,2430,0.1321,7.22,4.75,79.5,77.78,863
SYN-1101,LiFePO4 (LFP),40.0,31.06,2290,0.1408,7.15,4.35,78.3,77.61,859
SYN-1102,Li-ion (NMC),75.0,59.29,1317,0.1938,9.78,6.12,79.0,80.32,704
SYN-1103,LiFePO4 (LFP),40.0,37.44,599,0.1055,4.83,4.57,88.5,92.03,2506
SYN-1104,Li-ion (NMC),75.0,53.82,1893,0.2192,11.14,5.38,77.6,71.25,89
SYN-1105,LiFePO4 (LFP),45.0,35.99,2027,0.155,7.78,4.28,78.0,80.17,1224
SYN-1106,LiFePO4 (LFP),75.0,58.19,2437,0.1334,7.45,5.17,80.8,76.08,709
SYN-1107,LiFePO4 (LFP),75.0,59.23,1974,0.1501,7.41,3.95,81.4,79.53,1046
SYN-1108,Solid State,75.0,60.08,2727,0.1011,5.16,2.97,77.1,79.74,1223
SYN-1109,LTO (Lithium Titanate),50.0,42.59,5657,0.1078,5.1,4.28,81.0,84.07,4873
SYN-1110,Solid State,50.0,39.56,2882,0.1177,5.11,4.48,82.0,78.13,1133
SYN-1111,LTO (Lithium Titanate),45.0,36.36,6667,0.0795,3.21,4.82,79.7,79.66,3197
SYN-1112,Solid State,75.0,61.74,1860,0.104,5.5,3.02,76.7,80.92,1594
SYN-1113,Li-ion (NMC),30.0,23.43,1373,0.1916,9.21,3.92,78.0,76.82,429
SYN-1114,Solid State,75.0,57.4,3080,0.1017,5.28,3.11,72.1,75.08,622
SYN-1115,LTO (Lithium Titanate),75.0,60.74,5043,0.1076,5.71,3.95,83.8,79.96,3566
SYN-1116,LTO (Lithium Titanate),50.0,41.82,5944,0.0636,3.04,3.11,80.0,84.06,4966
SYN-1117,Solid State,60.0,54.33,1191,0.0938,4.43,2.26,100.0,91.37,2587
SYN-1118,Solid State,40.0,31.84,2348,0.1129,6.35,4.09,84.4,80.3,1289
SYN-1119,LTO (Lithium Titanate),40.0,38.85,1277,0.0693,3.08,3.23,100.0,96.41,8884
SYN-1120,Solid State,60.0,50.13,2095,0.1092,5.52,5.3,82.7,83.28,1920
SYN-1121,LiFePO4 (LFP),30.0,22.23,3131,0.1529,7.34,4.04,75.4,73.41,420
SYN-1122,LiFePO4 (LFP),30.0,25.63,1440,0.0926,4.75,2.69,83.6,84.38,1750
SYN-1123,Li-ion (NMC),75.0,67.4,502,0.2105,10.64,4.34,86.3,89.89,1208
SYN-1124,LiFePO4 (LFP),40.0,38.0,674,0.1207,6.83,3.3,93.8,94.55,2842
SYN-1125,LTO (Lithium Titanate),50.0,44.02,2928,0.0812,4.08,2.59,89.5,87.02,5473
SYN-1126,Li-ion (NMC),50.0,40.69,1017,0.1942,9.68,4.14,83.3,80.44,760
SYN-1127,LiFePO4 (LFP),45.0,40.6,757,0.1412,6.48,4.23,86.9,89.68,2393
SYN-1128,Li-ion (NMC),45.0,35.08,1274,0.1943,10.25,6.47,78.7,78.88,574
SYN-1129,Solid State,60.0,55.42,603,0.1206,6.31,4.76,97.0,94.15,2991
SYN-1130,LiFePO4 (LFP),40.0,34.07,1327,0.126,6.05,3.89,85.8,84.68,1702
SYN-1131,LTO (Lithium Titanate),30.0,27.38,3109,0.0783,4.49,2.01,86.9,89.84,6102
SYN-1132,LiFePO4 (LFP),30.0,22.7,2852,0.1323,6.54,2.8,73.7,76.36,749
SYN-1133,LiFePO4 (LFP),30.0,27.52,939,0.1098,6.6,2.78,87.3,92.4,2779
SYN-1134,LTO (Lithium Titanate),30.0,25.72,4726,0.1183,6.54,3.27,84.5,84.59,5152
SYN-1135,Li-ion (NMC),75.0,65.64,698,0.2029,9.51,6.12,88.8,86.67,1060
SYN-1136,Li-ion (NMC),40.0,30.55,1548,0.1942,10.09,4.58,75.2,75.75,387
SYN-1137,Li-ion (NMC),45.0,37.11,1197,0.1932,9.97,4.04,82.1,81.64,705
SYN-1138,LTO (Lithium Titanate),60.0,48.61,5474,0.0682,3.13,2.09,81.4,81.59,3520
SYN-1139,Solid State,75.0,58.47,2412,0.1279,5.82,2.87,78.4,79.28,1299
SYN-1140,Solid State,50.0,40.03,2321,0.0925,5.68,3.73,87.0,80.51,1532
SYN-1141,Solid State,30.0,20.64,4058,0.1225,6.22,4.99,69.6,68.9,0
SYN-1142,LTO (Lithium Titanate),50.0,39.75,6856,0.0586,2.89,4.23,74.4,78.15,2847
SYN-1143,LTO (Lithium Titanate),60.0,41.61,10270,0.0803,3.27,2.82,68.1,68.47,0
SYN-1144,LiFePO4 (LFP),75.0,65.65,844,0.1198,5.4,4.35,91.2,88.81,2130
SYN-1145,Li-ion (NMC),50.0,38.8,1391,0.1835,9.19,4.65,79.2,78.36,536
SYN-1146,LTO (Lithium Titanate),30.0,22.15,10011,0.0923,5.25,2.76,73.8,72.76,979
SYN-1147,LiFePO4 (LFP),60.0,43.45,2841,0.1503,7.55,5.26,73.6,73.3,412
SYN-1148,LiFePO4 (LFP),75.0,54.49,3208,0.1691,7.88,4.07,70.2,72.73,299
SYN-1149,LTO (Lithium Titanate),30.0,26.06,4117,0.0967,4.98,3.51,91.1,87.82,5613
SYN-1150,LiFePO4 (LFP),30.0,20.48,3652,0.1426,7.36,4.2,65.1,68.94,0
SYN-1151,LTO (Lithium Titanate),40.0,29.45,8274,0.0874,3.73,2.06,71.2,73.7,1347
SYN-1152,Li-ion (NMC),60.0,49.25,1198,0.1897,10.08,4.92,80.2,81.36,816
SYN-1153,LTO (Lithium Titanate),30.0,20.56,10526,0.0843,3.65,2.63,68.9,69.41,0
SYN-1154,LTO (Lithium Titanate),60.0,44.82,8640,0.0646,3.31,2.41,93.4,74.16,1391
SYN-1155,Solid State,50.0,35.6,3522,0.1028,5.87,3.83,73.1,71.07,155
SYN-1156,Solid State,45.0,37.82,1653,0.1081,4.95,3.12,82.8,84.53,2026
SYN-1157,LiFePO4 (LFP),45.0,33.62,2473,0.1374,6.57,4.53,75.4,75.92,749
SYN-1158,Li-ion (NMC),30.0,26.99,587,0.21,12.16,4.65,94.5,88.92,1146
SYN-1159,LTO (Lithium Titanate),40.0,27.32,10475,0.0961,5.66,2.22,67.9,67.46,0
SYN-1160,Li-ion (NMC),45.0,36.92,922,0.1749,9.43,4.9,82.1,83.36,907
SYN-1161,LTO (Lithium Titanate),40.0,29.16,8606,0.0679,3.99,2.94,70.4,71.85,663
SYN-1162,Li-ion (NMC),30.0,24.48,1174,0.1924,9.54,4.75,99.2,82.32,741
SYN-1163,Solid State,50.0,47.66,592,0.1117,5.25,3.82,92.5,96.67,3405
SYN-1164,LiFePO4 (LFP),40.0,35.48,1035,0.0903,4.11,2.49,84.7,87.73,1907
SYN-1165,Solid State,40.0,31.81,2897,0.1163,5.93,2.69,79.8,79.97,1270
SYN-1166,Li-ion (NMC),40.0,34.01,863,0.211,10.49,4.53,81.1,86.01,1095
SYN-1167,Li-ion (NMC),40.0,33.25,821,0.1948,10.15,6.44,84.0,84.66,952
SYN-1168,Li-ion (NMC),30.0,24.85,1047,0.1877,9.9,6.38,85.0,81.76,808
SYN-1169,LTO (Lithium Titanate),50.0,43.43,4176,0.1077,5.12,2.74,89.0,85.91,5733
SYN-1170,LiFePO4 (LFP),45.0,43.88,367,0.1022,4.41,4.11,96.9,96.28,2874
SYN-1171,Li-ion (NMC),60.0,53.98,746,0.1661,8.67,4.59,91.3,89.38,1335
SYN-1172,Solid State,60.0,45.68,3144,0.1236,6.06,3.44,77.3,76.35,847
SYN-1173,LTO (Lithium Titanate),45.0,41.76,2374,0.0896,4.47,3.7,95.9,91.41,6983
SYN-1174,LiFePO4 (LFP),45.0,38.82,1284,0.1491,7.36,3.03,84.8,85.85,1741
SYN-1175,Solid State,60.0,56.54,601,0.0992,3.82,2.36,94.7,95.64,3189
SYN-1176,Solid State,45.0,33.34,3111,0.1129,4.69,4.96,73.9,75.07,673
SYN-1177,LTO (Lithium Titanate),50.0,44.95,3545,0.0809,3.86,4.36,89.6,89.11,5830
SYN-1178,LiFePO4 (LFP),50.0,40.18,2173,0.1129,4.27,3.36,75.2,79.14,1135
SYN-1179,LTO (Lithium Titanate),60.0,44.04,9214,0.1048,5.66,3.89,71.5,72.85,900
SYN-1180,Li-ion (NMC),60.0,45.76,1520,0.1941,9.95,4.31,72.6,76.84,445
SYN-1181,LTO (Lithium Titanate),50.0,46.26,2168,0.0993,5.27,5.05,91.7,90.9,6738
SYN-1182,Solid State,30.0,21.87,3352,0.1008,5.23,4.69,69.1,72.17,311
SYN-1183,LTO (Lithium Titanate),50.0,40.59,4975,0.0797,4.57,4.48,86.9,82.78,4504
SYN-1184,LTO (Lithium Titanate),75.0,57.7,6702,0.079,4.25,3.16,81.7,76.97,2196
SYN-1185,LiFePO4 (LFP),30.0,24.47,2267,0.1426,6.76,5.09,78.7,79.97,1104
SYN-1186,LiFePO4 (LFP),50.0,35.24,3568,0.128,6.67,3.86,49.5,69.39,0
SYN-1187,LiFePO4 (LFP),75.0,66.55,1115,0.1338,6.72,3.57,88.8,89.46,2463
SYN-1188,LTO (Lithium Titanate),60.0,48.84,6214,0.1072,5.06,2.63,80.0,80.78,3888
SYN-1189,Li-ion (NMC),75.0,66.84,607,0.1915,9.54,5.44,89.1,90.46,1245
SYN-1190,Li-ion (NMC),40.0,29.98,1707,0.1855,9.46,3.72,76.0,73.58,231
SYN-1191,Li-ion (NMC),30.0,26.91,732,0.1946,9.6,4.4,87.8,88.76,1321
SYN-1192,Li-ion (NMC),75.0,65.69,633,0.1827,9.63,4.8,92.6,88.39,1169
SYN-1193,Solid State,50.0,38.71,2901,0.1139,6.25,2.43,76.3,78.33,1047
SYN-1194,Solid State,50.0,41.95,1836,0.0894,4.53,3.3,85.2,83.03,1899
SYN-1195,Solid State,60.0,46.02,2889,0.1318,6.79,3.98,95.7,77.33,1032
SYN-1196,Li-ion (NMC),30.0,24.88,1043,0.1779,8.81,5.17,85.7,83.57,886
SYN-1197,Solid State,75.0,59.27,1968,0.0901,4.31,2.45,78.8,80.46,1390
SYN-1198,Li-ion (NMC),60.0,44.09,1690,0.2087,10.13,5.7,75.8,72.84,177
SYN-1199,LiFePO4 (LFP),40.0,35.42,1044,0.1238,5.22,5.55,94.7,89.89,2285
SYN-1200,Solid State,50.0,39.57,2307,0.1243,5.89,3.18,78.5,80.38,1372
